Heart Rate,Body Temperature,Room Temperature,Humidity,Sleep Stage
88,36,23,34,Light
101,36,28,59,Light
78,35,22,32,REM
64,37,22,46,Light
92,36,23,67,Light
57,36,26,44,Awake
70,35,29,68,Awake
88,35,16,67,Awake
107,36,15,42,Awake
68,36,29,66,Light
72,37,22,67,Deep
60,35,24,49,REM
60,36,22,40,REM
73,36,16,56,Deep
102,35,26,76,Deep
85,35,26,61,REM
89,36,19,38,Light
73,36,19,64,REM
52,36,27,51,Deep
71,36,16,59,Light
102,36,28,66,REM
51,35,18,55,Light
73,36,23,70,Light
93,37,29,66,Deep
79,36,25,60,Awake
87,36,21,37,REM
51,36,25,71,Deep
109,37,20,76,REM
70,37,19,36,Awake
82,36,29,54,Awake
61,37,26,42,Awake
107,35,24,67,Awake
71,35,20,66,REM
93,37,15,37,Light
74,37,15,73,Light
98,35,23,39,Awake
76,36,26,69,Awake
108,35,23,52,Light
91,36,27,46,Deep
77,37,15,37,Awake
109,36,20,38,Light
65,36,18,63,Deep
64,36,21,57,Light
96,35,16,36,Deep
100,36,29,35,REM
93,36,18,33,Deep
104,37,28,67,Awake
101,37,21,65,Deep
106,35,29,32,Deep
52,37,23,58,Awake
86,37,28,34,REM
100,37,15,75,Deep
56,36,26,75,REM
70,36,28,64,Light
58,36,17,76,Light
88,35,16,70,Awake
67,35,21,71,REM
53,35,29,58,Awake
74,36,23,45,Awake
109,36,22,40,Deep
63,36,17,46,Light
99,35,15,61,Awake
107,37,27,38,Deep
58,37,16,42,Deep
75,37,24,53,REM
102,37,28,41,Light
51,36,18,59,REM
69,37,24,76,REM
77,35,16,67,Awake
96,36,24,63,REM
109,35,17,59,Awake
56,35,26,54,REM
93,35,19,39,Deep
57,36,21,74,Light
96,37,23,42,Light
84,36,17,34,Light
63,35,26,67,Deep
66,37,19,38,Deep
85,36,24,48,REM
99,36,17,31,REM
89,36,25,36,REM
53,36,16,38,REM
51,36,21,32,Light
55,37,18,62,REM
103,36,26,71,Deep
91,36,18,48,Deep
53,37,28,73,Deep
103,36,28,40,Awake
78,35,17,46,Awake
67,35,24,37,Awake
75,35,16,61,REM
93,36,20,50,Light
83,36,25,60,Light
59,35,24,68,REM
85,37,24,57,REM
63,36,19,61,Awake
80,35,20,76,Deep
97,36,16,44,Deep
64,36,25,47,Awake
57,35,22,65,Awake
63,36,25,60,Light
72,37,18,38,Awake
109,36,19,48,Deep
106,36,20,53,Deep
89,36,15,50,REM
70,35,20,38,Light
65,35,27,76,REM
94,36,28,68,Light
67,35,22,54,REM
96,35,21,64,Light
102,37,15,74,Awake
73,37,28,36,Deep
75,37,15,42,Awake
74,37,29,57,Light
109,35,22,69,Light
109,37,20,31,REM
109,35,28,79,Light
94,37,15,52,Awake
90,37,23,47,Light
78,36,23,44,Light
64,37,18,38,REM
94,36,21,69,Light
50,36,24,77,REM
74,36,25,50,Deep
56,36,15,77,REM
58,35,29,71,Light
73,36,17,54,Deep
50,37,18,63,Light
93,35,18,51,REM
57,37,15,57,Awake
73,37,16,32,Deep
60,37,29,64,Awake
100,37,19,32,Awake
66,36,16,70,Deep
57,37,16,71,Awake
84,37,25,41,Awake
84,35,27,46,Awake
82,36,18,54,Awake
108,36,15,59,Deep
54,35,18,44,Light
91,36,15,59,Awake
88,36,16,44,Deep
107,35,21,32,Deep
90,36,18,30,Deep
77,37,22,35,Deep
56,36,18,69,REM
58,35,29,78,Light
57,35,28,51,Light
61,36,23,55,Awake
83,37,20,37,Deep
82,35,20,57,REM
97,36,21,37,Deep
104,35,25,60,Awake
72,36,21,76,Light
73,37,27,39,Awake
86,36,29,68,Awake
84,35,20,31,Awake
93,36,23,48,Awake
89,35,16,35,Awake
71,36,18,47,Awake
76,36,21,38,Awake
84,35,18,48,Light
50,36,28,50,Light
84,36,17,45,Deep
86,37,21,62,Deep
96,37,24,75,REM
63,35,25,50,REM
52,37,20,39,Light
50,36,28,43,Light
54,36,23,72,REM
75,37,21,58,Light
104,37,16,52,REM
63,37,21,37,Deep
88,36,27,52,Light
76,36,24,43,Light
58,37,27,77,REM
64,36,22,74,Awake
64,36,16,34,Awake
75,36,15,55,Deep
91,36,19,41,Light
109,35,25,50,Light
62,35,26,73,REM
100,37,19,56,Awake
81,35,22,46,Awake
88,36,21,40,Deep
98,35,21,70,Awake
101,35,18,61,Awake
81,35,17,53,Awake
53,35,17,40,REM
79,37,15,46,Awake
86,36,17,77,Deep
72,37,15,56,Awake
88,36,24,50,Deep
94,36,19,56,REM
64,36,29,68,REM
92,36,17,47,Deep
78,37,20,38,REM
85,36,20,59,Light
62,36,15,63,Light
81,37,27,65,Light
56,37,15,74,Light
108,37,29,48,Light
100,36,28,33,REM
71,37,23,77,Deep
77,36,23,51,REM
51,36,24,61,Awake
91,35,20,63,Light
94,36,24,57,Light
106,35,15,40,REM
102,36,15,67,Awake
55,37,21,70,REM
77,35,23,57,Deep
77,35,28,54,Light
93,35,16,35,REM
93,37,27,34,Deep
69,36,18,46,Light
79,36,20,45,Light
60,37,19,77,Light
107,37,21,69,Awake
104,36,17,62,REM
77,36,22,55,Light
74,37,27,38,Light
88,36,21,78,Deep
82,35,22,48,REM
50,37,27,35,Deep
106,36,25,54,REM
76,36,22,73,Light
106,36,18,74,Awake
101,35,28,30,Deep
62,35,23,74,Awake
90,37,18,43,Awake
52,35,19,31,Awake
88,36,27,72,REM
55,36,15,73,REM
57,35,29,59,Awake
76,37,16,58,Light
58,35,26,70,Light
86,36,20,69,Awake
82,36,22,74,Deep
100,35,28,57,Deep
91,35,21,78,REM
93,36,23,79,Deep
73,37,15,35,Light
64,35,15,72,Awake
108,36,18,54,Deep
103,36,25,49,Awake
81,37,16,60,Deep
81,36,16,32,REM
73,36,21,55,Light
90,36,24,73,REM
101,36,25,40,Awake
98,37,17,51,Light
98,35,16,76,Light
107,36,29,51,REM
101,37,18,47,Deep
61,37,27,52,REM
88,37,27,55,Awake
51,37,26,61,Deep
52,36,17,70,REM
98,36,27,52,REM
86,36,26,70,Deep
98,35,23,56,Deep
105,36,20,46,Deep
66,36,18,62,REM
108,35,16,65,Deep
98,37,22,57,Deep
51,36,23,32,Deep
51,37,20,38,Light
77,35,22,44,Awake
103,36,20,44,Deep
72,36,24,63,Awake
86,36,28,30,Deep
81,36,17,67,Deep
82,37,20,43,Light
50,35,17,45,Light
68,36,24,56,Deep
51,36,25,40,Deep
102,36,28,74,Deep
93,37,19,34,Awake
75,37,29,52,Deep
81,36,15,72,Awake
55,36,24,60,Light
81,36,15,44,Awake
104,37,28,51,Deep
53,36,22,65,Light
104,36,25,78,REM
60,37,27,74,Light
105,36,17,47,REM
108,37,15,79,Awake
66,35,28,30,Light
87,36,19,31,Light
73,36,16,71,Light
54,37,22,39,Awake
101,37,23,33,Deep
83,36,15,41,Awake
55,36,19,51,Light
71,36,15,66,Deep
60,37,21,61,Light
97,36,28,41,Light
65,36,29,55,REM
82,35,24,76,Light
58,37,17,70,Awake
109,36,28,46,Awake
108,36,22,79,Awake
55,35,17,65,Deep
65,37,28,33,REM
78,35,26,31,REM
52,36,25,38,Light
69,37,25,66,Light
109,36,18,39,REM
108,35,18,55,Deep
85,36,25,34,Awake
68,37,18,76,Light
75,36,21,47,REM
52,37,26,75,Deep
68,35,26,77,Awake
69,36,21,30,Light
81,36,26,53,Awake
56,37,27,31,Awake
101,35,24,75,REM
90,37,18,55,REM
82,36,19,33,Awake
89,36,19,35,Awake
88,35,16,49,Light
67,37,19,77,Deep
89,35,18,64,Deep
50,36,21,73,Awake
60,36,28,48,REM
77,37,16,32,Deep
106,36,25,78,Awake
74,37,25,30,REM
99,36,16,77,Light
72,36,28,48,Deep
80,36,23,30,Light
79,37,20,64,REM
91,37,26,79,Awake
84,35,18,78,Light
56,36,25,38,Awake
109,35,15,39,Deep
65,36,27,58,Light
75,36,21,61,Deep
97,36,24,66,Deep
106,36,18,39,Deep
101,36,25,77,Deep
109,36,26,61,Deep
98,36,22,72,REM
51,36,24,57,Light
50,35,21,50,Awake
97,37,28,78,Awake
61,36,22,59,REM
54,36,27,73,Awake
86,36,27,77,Awake
81,36,21,63,Awake
108,35,18,57,Light
104,36,21,30,Awake
58,37,27,32,Light
90,36,18,40,Awake
84,36,22,39,Awake
68,36,27,42,Light
97,35,20,45,REM
65,36,24,48,Awake
52,37,18,51,Deep
69,35,16,34,Deep
73,36,26,32,REM
103,36,16,63,Deep
105,36,19,56,Light
82,37,27,52,Awake
73,35,20,61,Awake
101,36,29,71,Awake
60,35,29,51,Awake
98,37,19,62,Deep
57,35,15,77,Deep
85,36,25,71,Deep
87,36,21,51,Light
89,36,16,62,Deep
69,36,25,38,Deep
84,36,15,58,Awake
97,36,28,79,Deep
74,36,17,55,REM
84,35,16,76,REM
74,36,17,50,Awake
78,36,29,79,Deep
67,36,25,58,REM
95,36,27,32,REM
67,37,20,59,Light
51,36,20,43,Awake
103,35,18,31,REM
84,35,22,71,REM
65,37,23,43,Awake
90,36,24,69,Deep
85,35,18,44,Awake
82,36,29,39,Light
53,36,17,78,Light
82,36,29,48,Light
63,36,15,60,REM
70,35,22,60,Deep
97,37,20,58,Light
69,36,21,75,Awake
105,36,23,63,Light
57,36,21,50,REM
56,36,21,73,Light
52,36,25,39,Deep
66,36,25,57,Light
82,36,27,77,Deep
97,37,18,61,Deep
61,37,24,70,Awake
108,35,23,62,Deep
100,35,20,71,REM
71,37,22,77,REM
104,36,19,43,Deep
71,37,17,38,Deep
95,35,18,54,Light
79,36,16,65,Light
87,36,25,41,Awake
87,36,24,30,Light
94,36,29,47,REM
100,35,25,78,Light
103,36,15,64,Awake
57,36,28,50,Awake
76,36,27,39,Deep
76,37,21,47,Awake
83,36,23,38,Deep
70,37,29,35,REM
79,35,22,75,REM
82,36,28,79,Light
77,37,16,38,Awake
96,35,17,32,REM
82,35,21,46,Deep
54,36,23,53,Awake
109,35,27,40,Awake
97,36,29,45,Deep
68,37,20,40,Awake
53,36,15,68,Awake
84,36,27,65,REM
98,36,24,61,Deep
66,36,17,49,REM
93,35,22,75,Deep
77,36,26,78,Light
79,36,26,38,Awake
78,36,22,41,Awake
95,35,19,56,REM
102,36,29,34,Awake
55,35,24,51,Awake
84,35,21,59,REM
109,37,19,56,REM
90,36,25,46,Deep
86,35,18,57,Light
73,35,17,77,REM
78,35,22,40,Deep
98,36,19,62,REM
95,35,24,32,Deep
102,35,16,33,Light
80,36,24,57,Deep
84,36,19,35,Deep
109,36,15,31,Awake
82,36,16,38,REM
101,35,29,58,Deep
70,37,28,65,REM
81,37,18,40,Deep
72,37,26,63,Awake
82,37,24,39,Awake
52,37,29,60,Light
67,36,20,50,Deep
74,35,25,62,Awake
91,36,15,79,REM
80,36,20,76,Deep
103,36,29,30,Deep
107,36,23,74,Light
52,35,19,33,REM
89,36,16,77,Light
95,37,25,44,Deep
73,36,24,49,Light
99,36,20,34,Deep
81,36,29,35,Deep
96,36,15,66,Light
71,37,19,77,Light
72,36,28,60,Deep
51,37,19,65,Light
76,36,18,68,Light
91,36,23,43,Deep
51,35,27,32,REM
75,36,16,30,Light
66,36,29,47,Light
89,36,26,42,Awake
82,36,17,33,REM
58,37,25,38,Light
92,35,20,36,Deep
103,37,21,75,Awake
97,36,26,37,Awake
88,36,29,56,Awake
78,35,16,59,Light
91,36,21,57,Deep
104,36,22,34,Awake
75,35,20,45,REM
84,36,20,32,Awake
99,37,15,49,Awake
74,35,25,39,REM
73,37,21,58,Awake
62,36,17,64,Awake
109,36,27,56,REM
107,36,27,51,Light
56,35,22,49,REM
106,35,19,72,Light
85,35,24,40,Light
94,35,19,66,Light
69,36,18,67,REM
50,37,25,50,REM
57,37,15,44,Light
95,36,16,53,REM
65,35,15,34,Light
63,36,17,32,REM
61,36,16,35,Deep
100,35,29,39,REM
72,36,19,55,REM
64,36,17,72,REM
77,36,18,41,Light
83,36,29,76,Light
51,37,22,77,Deep
81,37,20,77,Deep
72,36,28,71,Awake
71,37,20,48,Deep
100,37,20,33,Light
74,36,18,58,Deep
107,36,20,57,Deep
71,36,19,72,REM
107,37,25,79,Deep
107,37,19,55,Awake
71,35,23,47,REM
98,36,15,39,Light
101,36,17,30,Awake
91,36,21,55,Light
55,35,29,57,Awake
64,37,20,71,REM
103,36,24,55,Awake
92,37,18,75,Awake
109,37,16,61,Deep
86,36,15,72,Light
82,36,19,37,REM
57,36,17,72,Awake
102,35,17,63,Light
109,36,26,38,Light
93,35,15,39,Deep
93,36,23,76,Light
54,35,20,31,REM
88,35,22,53,Deep
53,35,23,45,Awake
55,35,19,63,REM
94,36,19,71,REM
81,36,26,48,REM
101,36,28,51,Deep
79,35,17,79,Light
96,35,16,69,REM
84,35,28,74,Light
104,35,20,51,Light
89,37,23,41,REM
101,35,20,50,Light
65,36,16,65,Deep
62,35,23,35,Deep
99,35,22,43,Awake
109,36,18,32,Light
91,36,21,51,Light
79,35,26,71,Awake
68,35,23,31,Deep
66,36,16,63,Awake
105,35,23,76,Awake
68,35,25,41,Awake
77,37,26,64,Light
107,36,24,78,Light
104,36,17,78,Light
75,36,25,41,Light
86,36,25,35,REM
75,36,15,37,Awake
102,36,21,65,Awake
72,36,19,66,Light
58,35,25,63,Deep
61,36,18,46,REM
102,36,23,38,REM
50,37,28,59,Deep
107,36,26,54,Light
107,36,28,66,REM
50,35,29,52,REM
96,36,15,46,Awake
83,35,24,44,Awake
81,36,21,40,Light
103,35,27,43,Light
97,36,18,34,Awake
74,35,29,47,Awake
89,36,24,31,Awake
94,37,26,39,Deep
102,35,16,67,REM
50,36,17,46,Light
65,36,26,63,Light
88,35,15,65,Deep
54,37,27,59,Awake
71,35,15,77,REM
78,36,24,31,Awake
104,36,20,66,Light
52,36,24,77,Deep
61,36,25,73,REM
75,36,20,38,REM
65,35,16,46,REM
100,36,16,38,REM
86,36,23,60,Deep
71,37,22,65,Light
106,37,26,45,REM
78,37,22,56,REM
63,36,21,64,Light
77,36,20,51,Awake
54,37,15,72,REM
96,36,20,68,REM
98,35,29,33,Awake
79,37,28,61,Light
95,37,19,41,Light
101,36,23,57,REM
54,35,27,77,Light
61,36,21,73,Awake
65,37,15,50,Deep
75,37,16,44,Awake
75,35,22,41,Awake
97,35,29,56,Deep
70,37,25,35,Awake
88,36,16,57,REM
85,36,17,30,REM
82,37,26,46,Light
79,35,27,40,Light
86,36,24,78,Awake
72,35,24,66,REM
107,36,15,47,REM
59,37,27,34,Deep
103,36,26,55,Light
54,37,18,40,REM
85,36,25,56,Awake
83,36,18,71,REM
101,35,15,60,Light
80,36,18,61,Awake
59,36,17,57,Light
107,35,20,76,REM
68,36,21,76,REM
107,36,22,55,REM
81,36,22,45,Light
50,36,19,52,Awake
105,36,15,39,REM
54,35,24,61,REM
94,35,20,55,REM
53,36,19,35,Deep
65,36,28,39,Deep
73,35,26,53,Awake
65,37,27,74,Light
104,37,22,58,REM
51,36,16,64,REM
98,35,25,46,Light
77,37,18,58,Light
81,36,21,52,Awake
76,37,15,62,Light
69,37,27,32,REM
73,37,16,54,Awake
61,36,28,44,Deep
99,35,27,46,Awake
84,36,21,78,Awake
109,36,26,39,Awake
82,36,24,45,Light
82,35,27,55,REM
100,35,21,73,Light
92,37,26,50,REM
86,36,21,67,Light
61,37,29,72,Awake
52,37,22,45,REM
50,36,21,49,Light
82,36,26,47,Awake
89,37,27,71,Deep
59,36,23,32,Light
92,36,17,45,Light
93,35,22,63,Deep
78,36,29,58,Light
62,36,26,51,Deep
61,36,27,56,REM
80,35,15,39,Deep
95,36,22,51,Awake
51,35,24,55,Deep
100,35,27,75,REM
99,36,15,43,Deep
84,37,27,73,Deep
72,36,23,62,REM
66,35,17,31,Light
75,35,19,66,Light
57,36,19,31,Awake
78,36,22,79,Awake
75,37,15,73,Deep
59,36,17,44,Light
75,37,27,42,Light
83,36,16,49,Deep
100,36,18,47,REM
90,36,21,48,Light
56,37,22,45,Awake
53,36,26,61,Deep
107,36,21,38,REM
102,36,26,72,Awake
99,35,24,70,Light
94,36,16,53,REM
60,35,17,72,Awake
78,36,21,42,Deep
105,36,20,30,REM
85,36,26,60,REM
74,37,23,52,Deep
70,37,20,58,Light
106,37,17,74,Light
85,35,18,78,REM
59,35,23,61,REM
86,36,21,68,REM
58,36,22,34,Awake
73,36,17,38,REM
84,35,24,66,Light
98,36,27,51,Deep
84,35,18,52,Deep
97,37,22,45,Deep
85,35,29,60,REM
67,36,19,39,REM
98,35,23,61,Deep
88,36,16,38,Awake
81,36,24,33,Awake
73,37,16,46,Awake
72,37,29,41,Awake
81,36,25,74,Light
86,37,26,32,Deep
61,37,25,38,Light
98,37,23,57,REM
104,37,21,54,Awake
62,35,27,32,Awake
72,36,29,30,Deep
74,35,22,79,Awake
84,35,28,62,Deep
90,37,23,48,REM
79,36,23,53,Awake
66,36,21,43,Awake
98,37,18,47,Light
69,37,15,62,Deep
97,37,18,74,Deep
74,35,22,39,Awake
71,35,20,72,Light
62,36,21,36,Awake
108,35,29,40,Deep
68,35,20,31,Deep
98,36,21,37,Awake
85,37,17,75,REM
61,36,15,52,Awake
90,36,26,33,Light
68,36,23,77,Deep
61,35,26,73,Deep
58,35,17,67,Awake
56,37,23,76,REM
77,36,18,41,Deep
63,37,18,71,Awake
80,35,15,64,REM
101,37,16,73,Awake
68,36,19,69,Awake
107,36,16,47,Awake
96,36,29,68,Deep
65,37,19,43,REM
102,36,16,46,Light
54,36,17,35,Light
84,37,23,76,Deep
61,37,15,44,Deep
74,36,27,56,Awake
101,36,29,49,Awake
108,36,18,77,REM
70,35,21,46,Awake
85,36,15,68,REM
102,37,24,72,Awake
72,37,21,51,Awake
65,36,19,48,Light
106,36,18,67,Deep
88,35,24,75,REM
94,37,21,67,Light
102,37,17,41,Awake
91,36,25,74,Light
107,37,23,49,REM
88,36,27,58,Deep
63,36,16,71,Light
80,35,26,39,REM
107,36,25,69,Awake
54,36,16,59,Light
84,36,25,74,Deep
72,36,21,38,REM
78,37,29,51,Deep
92,35,17,71,Awake
60,36,24,30,Deep
67,36,20,35,Awake
96,36,29,79,Awake
61,36,19,44,Light
58,36,29,78,Awake
59,35,28,39,Deep
107,36,19,48,Light
93,36,27,67,Awake
66,35,29,62,REM
87,36,18,59,REM
56,36,21,56,Awake
95,36,22,72,Light
62,37,19,41,Light
89,35,15,52,Light
91,35,18,37,Deep
58,37,19,59,REM
99,36,21,42,Awake
76,36,17,46,Awake
107,37,28,53,REM
51,37,25,31,Deep
54,37,16,34,Light
78,36,24,64,REM
86,36,24,51,Awake
87,36,29,73,Deep
68,35,15,64,Awake
57,36,18,30,Light
97,36,28,60,REM
94,37,28,34,Light
50,36,25,69,Deep
71,36,26,79,REM
101,36,16,56,Light
66,35,22,64,Light
56,35,18,41,Light
74,36,17,51,Deep
94,35,27,72,Light
53,36,17,38,Awake
85,37,22,43,REM
55,37,29,52,REM
109,36,17,65,Light
80,35,29,48,Deep
68,37,29,76,Awake
93,37,23,34,Awake
103,35,17,48,REM
88,36,19,65,REM
76,36,21,41,Awake
59,37,19,62,REM
75,37,19,38,Light
68,35,29,32,Awake
88,37,17,36,REM
52,36,25,76,Light
94,37,15,57,Light
62,36,23,69,Awake
99,37,28,46,Light
77,35,19,59,Awake
107,36,17,54,Light
69,35,24,77,Awake
77,37,25,67,Awake
57,37,25,66,Awake
90,37,19,32,Awake
88,37,18,57,Light
50,35,29,53,Awake
52,36,28,76,REM
62,35,21,42,Light
77,35,27,43,Awake
106,35,21,50,Light
109,36,21,42,Light
98,36,17,36,Light
74,35,21,72,Light
105,35,23,57,Awake
82,35,15,73,Light
87,37,21,71,REM
102,37,26,44,Light
55,37,25,57,Light
107,36,24,34,REM
93,36,28,75,Awake
94,37,15,50,REM
81,36,23,49,Deep
94,36,26,45,REM
96,35,23,53,Awake
70,35,19,42,REM
65,36,17,48,Light
103,36,28,69,Awake
70,36,22,71,Deep
60,35,28,45,Awake
109,35,23,53,Light
86,37,25,73,Deep
85,35,27,32,Awake
84,36,24,74,Awake
68,37,20,40,Light
69,35,22,63,REM
106,35,27,59,REM
67,36,20,57,Deep
96,36,20,72,Light
90,36,16,35,Light
98,37,28,47,REM
63,35,16,56,REM
64,36,24,70,Deep
80,36,21,40,REM
50,35,21,70,Deep
102,36,25,49,Awake
103,36,16,39,Deep
103,36,23,67,Deep
52,35,26,34,Deep
65,36,27,55,Awake
72,36,17,33,REM
106,37,28,47,Deep
60,35,24,60,REM
61,36,28,57,Deep
59,36,22,50,REM
81,36,23,51,Deep
65,36,28,41,REM
57,36,28,52,Light
87,37,21,77,Awake
61,37,19,72,Deep
73,36,20,37,Awake
77,36,20,31,Deep
102,37,19,76,Light
57,37,19,56,Light
107,37,27,56,Awake
77,36,16,69,Deep
85,35,25,45,REM
75,36,17,54,Deep
57,36,20,78,REM
107,36,15,63,Awake
109,36,19,37,Awake
99,37,26,36,Light
77,36,28,40,REM
77,37,18,68,Deep
86,36,21,44,Light
90,36,22,31,Awake
85,36,28,77,Light
76,37,26,38,Deep
103,35,22,30,Deep
66,35,25,41,Awake
58,37,27,41,Light
82,35,15,51,REM
102,36,21,76,REM
69,36,28,73,REM
62,36,26,52,Deep
77,36,23,50,Light
97,35,22,57,REM
78,36,20,42,Light
62,36,22,32,Awake
95,36,24,76,REM
84,35,21,39,Light
55,36,25,39,Deep
67,35,27,53,Awake
100,36,17,54,Awake
54,35,21,30,Awake
96,35,21,37,Awake
74,37,25,48,Deep
51,36,18,64,Deep
59,37,24,41,REM
105,37,28,51,Deep
79,36,21,57,Deep
99,35,28,74,Awake
108,36,29,46,Deep
94,37,16,36,Awake
54,36,18,54,Light
104,35,29,67,Light
105,36,29,35,Light
82,37,16,51,Light
103,37,15,30,Light
50,35,17,31,Light
67,36,29,54,Light
81,35,17,44,Awake
96,35,22,72,Awake
98,37,27,60,Awake
60,35,15,52,Awake
70,36,24,50,Deep
75,35,19,54,Deep
74,37,27,32,REM
71,37,19,74,Deep
108,36,25,79,Awake
76,37,25,39,Awake
98,35,18,36,Light
62,36,15,37,Light
82,36,21,63,REM
83,35,19,63,Deep
90,36,27,72,Awake
84,37,27,67,Deep
50,35,21,52,REM
70,36,24,60,Light
97,35,24,64,Awake
104,35,27,55,Light
55,37,21,53,Awake
77,36,19,62,Light
66,36,18,57,Light
54,37,23,62,REM
80,35,21,60,Deep
54,36,21,65,Light
87,36,16,62,Awake
52,36,25,55,Deep
102,37,18,64,Deep
72,37,17,52,Light
86,36,21,42,Light
102,37,18,30,Light
86,35,23,57,Deep
59,35,20,59,REM
59,35,21,78,Light
68,36,23,48,Deep
66,36,18,49,Deep
70,36,17,40,Awake
63,37,28,33,Light
58,36,21,68,REM
95,36,21,42,Awake
50,35,15,60,Light
100,35,22,64,Awake
94,36,23,53,Light
62,36,23,73,Awake
53,37,25,52,REM
50,35,17,44,Awake
98,35,18,74,Awake
89,36,27,73,Awake
81,35,29,38,Light
83,35,17,31,Light
77,36,22,34,REM
80,35,18,44,Awake
57,36,15,78,Deep
88,36,19,57,Awake
75,35,17,48,Deep
107,36,25,74,Deep
83,37,23,52,Awake
103,36,17,45,Deep
103,37,15,77,Deep
52,35,27,72,Awake
108,37,17,72,Light
99,35,24,55,Awake
61,36,20,69,REM
50,36,23,38,Deep
103,37,19,58,REM
93,36,16,79,Deep
54,35,18,44,Light
79,35,17,69,Deep
79,37,21,54,Awake
108,36,24,31,Deep
106,37,18,68,REM
66,35,15,38,Awake
97,36,22,61,REM
96,35,24,34,Light
72,37,29,77,REM
64,36,23,44,REM
86,37,22,41,REM
70,36,23,36,Awake
63,36,28,77,Light
51,36,27,65,Light
60,36,19,67,Light
100,37,18,54,REM
88,37,18,53,Awake
87,37,22,35,Awake
109,36,26,57,Awake
83,36,22,42,REM
87,36,16,78,Light
99,37,25,69,REM
83,35,27,50,Awake
67,36,19,37,REM
79,36,24,69,Deep
64,36,21,36,Light
76,37,28,39,Light
100,36,27,40,Awake
83,36,22,57,REM
101,35,25,69,Awake
106,36,28,45,REM
87,36,22,34,Deep
82,36,19,53,Light
73,37,26,67,Light
64,37,18,41,REM
109,35,20,40,Light
79,36,27,77,REM
104,37,25,77,Awake
91,35,21,79,Deep
100,35,18,70,REM
66,35,20,39,Deep
54,36,19,40,Awake
78,35,17,47,Awake
53,37,26,45,Awake
59,36,18,77,REM
105,36,21,69,Deep
66,35,20,66,Deep
59,36,29,39,Light
66,36,20,75,REM
109,37,16,71,Light
69,37,16,38,Light
73,36,23,73,REM
54,37,23,43,Light
83,37,21,34,Light
55,37,21,62,Light
102,35,15,62,Awake
51,35,22,34,REM
62,35,22,45,Awake
92,36,17,79,Light
92,36,16,63,Light
97,36,16,66,Awake
60,37,16,40,Light
100,37,24,33,REM
96,37,17,43,Deep
106,36,18,42,Awake
72,36,17,41,Deep
104,36,29,39,Deep
65,35,27,58,Deep
80,35,18,46,Awake
60,36,19,71,Light
103,36,18,39,REM
65,37,22,53,Light
57,35,15,30,REM
53,36,25,54,Light
89,36,22,32,Deep
53,36,28,78,Deep
105,36,17,69,REM
74,36,27,54,Awake
52,36,26,34,Light
81,36,16,59,Deep
52,35,20,67,REM
76,35,17,39,Light
78,36,18,58,REM
81,37,18,70,Awake
99,36,23,68,Awake
107,36,21,70,Light
100,36,29,73,Awake
68,37,16,76,Light
70,37,29,50,Light
54,36,18,58,Awake
67,36,26,69,REM
77,37,20,64,REM
91,36,17,79,Light
71,36,27,30,Deep
70,35,19,47,Light
55,37,24,44,REM
50,37,23,43,Light
54,35,22,41,REM
90,36,22,65,Awake
61,36,25,34,Light
75,35,16,67,Light
95,37,25,64,Awake
83,35,28,42,Awake
98,35,15,42,Deep
63,36,17,61,Awake
75,36,25,68,Deep
94,35,21,73,Awake
76,36,21,72,REM
58,36,17,78,Light
75,35,22,59,Awake
106,35,16,75,REM
96,36,22,70,Awake
106,36,26,74,Light
71,37,18,30,Awake
96,37,22,78,Awake
105,37,29,53,Light
79,36,25,69,Awake
92,37,27,36,Light
97,36,21,49,Deep
66,36,26,43,Awake
75,35,15,44,REM
85,35,16,36,Awake
50,36,18,70,Light
57,36,21,30,Light
98,35,27,45,REM
84,36,20,38,REM
101,36,24,59,Light
64,36,25,42,Deep
96,36,23,42,Deep
105,37,20,54,Light
71,37,23,62,Deep
63,36,20,36,REM
75,36,16,38,Deep
77,36,29,42,REM
72,37,16,78,Awake
63,36,16,49,REM
73,35,28,59,Awake
51,35,19,42,REM
94,36,24,54,REM
75,36,19,33,Deep
63,37,20,31,REM
108,35,18,53,Light
105,36,20,49,Awake
100,37,21,36,Awake
56,37,25,64,REM
52,36,22,79,Light
96,36,29,49,REM
72,36,15,61,REM
95,37,22,78,Deep
92,35,23,71,REM
96,37,28,53,REM
109,36,15,66,Deep
94,36,23,36,Deep
67,35,27,55,Light
107,36,18,43,Deep
87,36,28,38,Awake
84,35,15,51,Awake
100,36,25,36,Light
64,37,28,64,REM
74,36,24,52,Light
104,36,21,56,Deep
86,35,15,37,REM
77,36,28,36,Light
59,35,22,59,Light
88,36,15,79,Awake
106,37,25,34,Light
66,36,22,44,REM
88,35,16,73,Light
71,36,18,33,Light
75,36,15,73,Deep
93,36,23,56,Light
74,37,24,50,REM
66,37,22,45,Awake
62,36,27,44,Awake
69,36,27,45,Awake
74,36,24,74,Awake
53,35,15,66,Deep
59,36,25,63,REM
52,36,21,69,Deep
90,36,23,42,Awake
94,36,24,60,Deep
67,35,20,53,Light
96,36,28,69,REM
85,35,17,45,Light
96,35,25,62,Deep
71,37,15,74,Light
83,35,28,50,Deep
96,36,16,33,Deep
57,35,16,55,REM
89,37,19,47,REM
98,36,20,63,REM
93,35,18,77,Awake
68,36,23,54,REM
91,36,21,53,Light
90,37,15,62,REM
86,35,19,35,REM
55,37,27,42,REM
101,37,25,75,Deep
75,37,25,63,Deep
83,36,25,30,REM
108,36,19,40,Deep
105,36,16,64,Deep
108,37,19,68,Awake
94,36,27,71,Light
55,36,29,44,Deep
86,36,22,76,Light
106,36,15,57,Deep
82,37,17,64,REM
102,35,19,59,Deep
71,37,23,36,Deep
70,36,16,78,Light
55,37,29,36,REM
55,36,20,42,Awake
104,36,28,70,Light
97,37,26,60,REM
53,36,26,71,REM
79,37,24,55,Light
60,36,24,48,Deep
79,36,24,76,REM
80,36,24,31,Awake
73,36,23,72,Deep
104,36,29,41,Light
58,35,25,72,Light
104,36,26,36,Light
52,35,28,59,Light
100,37,18,74,Awake
80,37,16,53,Awake
89,36,22,67,REM
86,36,22,70,Awake
85,36,27,66,Light
73,36,21,76,Awake
80,37,23,52,Deep
55,37,22,38,Deep
51,36,15,32,REM
69,37,24,42,Light
77,36,27,37,Awake
60,37,17,57,REM
53,35,23,39,REM
64,36,23,31,Awake
55,36,17,31,REM
103,36,16,71,Light
98,35,29,59,Awake
79,37,20,47,Deep
105,35,18,74,Deep
87,36,17,33,Awake
100,35,25,79,REM
106,36,24,60,REM
51,36,24,39,Deep
64,36,16,63,Deep
60,35,28,68,Light
57,35,20,51,REM
75,36,19,73,Light
100,37,21,37,Deep
94,37,20,43,Deep
93,35,27,34,Deep
54,36,28,40,Deep
55,35,19,41,Light
75,35,27,75,Deep
103,36,26,33,Awake
53,36,28,51,REM
68,35,18,56,Deep
69,35,23,74,REM
82,35,19,79,Deep
69,37,27,67,Light
98,37,15,78,REM
61,35,23,69,Light
96,35,20,78,Deep
50,37,19,65,Awake
75,37,24,33,Awake
63,36,27,50,Awake
87,35,24,62,Awake
86,35,27,47,Awake
60,36,18,43,Light
85,36,22,58,Awake
62,35,21,76,Deep
92,36,15,31,Light
52,35,23,68,Light
82,37,24,66,Awake
55,36,23,78,REM
99,35,26,76,Deep
105,36,23,68,Light
59,36,16,56,Deep
54,37,16,40,REM
72,36,23,57,Light
59,36,19,68,Deep
93,36,16,74,Awake
51,36,21,69,Light
62,37,23,39,Light
89,36,19,59,Light
51,36,25,46,Light
69,35,24,30,Awake
50,36,19,40,REM
86,37,26,35,REM
58,37,24,72,Deep
66,35,24,42,Awake
58,35,23,44,Awake
60,37,15,77,Deep
64,37,25,48,Awake
73,35,20,30,Awake
87,36,29,44,Light
104,36,27,35,Light
84,37,23,35,Light
79,35,18,33,Awake
80,35,18,59,Awake
98,37,20,39,REM
54,35,22,48,Light
109,36,19,73,Deep
93,36,22,51,Awake
99,36,17,75,Light
63,36,29,54,REM
102,36,16,49,Light
105,35,28,67,REM
60,36,28,33,REM
58,37,22,34,Awake
83,37,25,62,REM
61,35,21,54,REM
84,35,24,69,Deep
84,36,20,75,REM
50,36,19,49,Deep
89,36,23,59,Deep
71,36,22,55,Light
109,35,23,79,Light
78,35,19,71,Awake
57,36,20,75,Awake
60,36,16,42,Awake
90,35,15,68,REM
86,36,18,43,Light
63,36,16,40,REM
109,37,16,77,Light
79,37,27,30,REM
84,36,15,78,Awake
70,35,24,37,Light
86,36,19,70,Light
54,35,28,43,Deep
68,36,22,47,Light
108,37,19,40,Light
63,36,22,59,REM
75,37,20,47,Awake
53,36,23,62,Deep
74,35,16,30,REM
94,36,29,33,Light
91,36,21,34,REM
74,36,20,50,Awake
67,36,25,70,Deep
89,35,20,74,REM
57,37,27,42,Light
88,35,21,58,REM
89,37,25,68,Light
63,37,16,44,Deep
81,37,27,50,Deep
100,36,26,56,REM
87,36,18,36,Deep
82,37,17,31,Awake
72,36,19,37,REM
64,36,29,61,Light
82,36,18,33,REM
74,36,21,39,Light
66,36,15,46,Deep
82,36,20,33,Light
96,36,23,39,Light
104,37,29,75,Light
51,35,22,30,Light
63,37,27,62,Awake
102,36,23,49,Light
89,37,15,63,REM
89,36,19,59,Awake
100,37,23,41,Light
88,35,29,72,Light
100,37,27,54,Light
55,35,18,71,Awake
55,37,18,50,Light
52,37,18,79,Light
56,36,28,68,Light
100,35,27,78,Deep
57,37,26,55,REM
91,36,20,53,Light
101,37,22,67,REM
64,35,21,74,Deep
96,35,18,78,Deep
78,37,22,46,Light
82,36,15,69,REM
101,37,16,40,Awake
79,36,28,57,Light
88,36,26,38,Awake
76,36,21,47,Deep
85,36,22,76,Deep
78,36,20,37,REM
87,36,26,61,Awake
106,36,26,59,Awake
82,36,26,36,Light
86,37,25,46,REM
76,35,18,58,REM
104,36,20,39,Awake
82,35,22,70,Deep
53,36,19,78,REM
71,36,26,40,Deep
51,35,19,39,Light
59,35,17,52,REM
54,35,20,67,REM
108,36,29,44,Light
59,37,18,30,REM
82,35,24,57,Awake
103,36,21,77,Awake
87,36,16,49,Light
62,36,22,51,Deep
80,37,25,78,Deep
96,36,22,64,REM
85,36,28,65,Deep
94,35,19,58,Deep
73,35,16,78,Light
101,36,29,64,Deep
105,35,20,74,Deep
64,36,23,64,Deep
78,36,26,66,Awake
57,36,19,44,Awake
54,35,25,45,Light
78,36,17,69,REM
96,36,19,44,Light
53,37,17,58,REM
61,35,27,42,REM
94,37,18,70,Deep
51,36,25,35,Deep
76,36,29,71,Light
80,36,22,60,Light
100,35,23,39,Light
100,35,21,57,Awake
85,36,19,44,Awake
85,36,22,46,Awake
75,37,24,47,Awake
92,36,29,33,Awake
76,35,29,79,Deep
54,36,27,31,REM
69,36,28,63,Awake
60,36,22,48,Light
59,36,24,62,REM
89,37,28,47,Awake
87,37,20,63,Awake
55,36,29,66,Deep
57,36,21,64,Deep
72,37,24,35,Deep
96,36,25,62,Awake
75,35,29,43,Deep
95,36,18,31,Awake
92,35,26,50,REM
61,36,22,51,REM
75,36,19,53,Awake
62,36,26,65,Light
89,35,23,45,Awake
67,36,24,45,REM
74,36,19,33,REM
82,36,22,64,Awake
96,36,24,58,Awake
89,36,21,47,Awake
109,35,17,65,REM
92,35,29,56,Light
61,37,22,53,Awake
93,37,26,55,REM
85,36,21,61,Awake
97,35,20,63,REM
53,36,21,44,Awake
54,36,21,37,REM
105,37,23,37,Awake
86,35,23,61,Deep
57,35,22,73,Awake
91,36,17,50,REM
98,36,22,38,Awake
77,36,17,67,Light
80,35,16,71,Awake
107,36,28,74,Awake
58,37,24,60,Awake
103,37,24,73,Light
100,36,21,30,Light
78,36,28,35,Light
63,35,24,34,Deep
89,36,26,65,Light
90,36,20,33,Deep
71,36,29,54,Awake
60,36,27,53,Deep
72,35,27,45,Awake
50,35,17,73,Deep
95,36,19,38,Light
86,35,19,47,Light
70,35,19,68,Deep
75,37,27,31,Deep
95,36,15,63,Light
85,36,16,70,Awake
103,37,19,76,Awake
72,37,17,73,Awake
106,36,18,45,Awake
50,37,26,59,REM
103,36,23,33,Awake
104,36,15,42,REM
100,36,21,34,REM
89,36,21,45,Light
64,36,16,73,Light
70,36,25,47,Deep
96,35,25,58,Awake
58,36,25,51,Awake
102,35,25,52,Light
58,36,15,78,Light
59,36,29,44,Light
101,36,27,61,Deep
106,37,28,51,Awake
102,37,15,33,Deep
75,36,29,54,REM
90,36,27,70,REM
84,36,27,34,Awake
101,35,16,33,Light
74,35,26,37,Light
75,36,29,68,Deep
60,36,25,66,REM
87,36,23,58,REM
51,37,29,53,Awake
56,35,21,74,REM
67,35,23,68,Light
76,37,22,70,Light
83,35,28,70,Light
76,36,16,62,Awake
66,36,22,52,Deep
92,36,25,73,REM
108,35,26,76,Awake
93,35,23,31,Deep
108,35,28,32,Awake
100,36,29,77,REM
103,36,15,43,Light
73,35,21,73,Deep
74,36,15,49,Deep
56,37,19,35,Awake
101,35,23,34,Awake
55,36,28,37,Light
102,36,27,42,Awake
73,36,16,54,REM
82,36,16,65,REM
98,36,23,79,REM
78,37,22,52,REM
92,37,18,55,Light
71,36,28,56,Light
75,36,28,56,Light
77,36,21,55,Awake
99,36,28,30,Light
70,36,20,30,Deep
98,35,26,34,Deep
56,36,22,35,Deep
66,36,16,65,Awake
69,36,28,40,Awake
90,37,21,74,Light
98,35,26,76,REM
69,36,20,78,Deep
103,35,15,76,Awake
71,37,16,43,Deep
77,36,22,55,Light
89,36,25,38,Awake
98,36,20,70,REM
56,36,25,74,REM
50,37,25,72,Awake
81,36,25,51,REM
62,36,22,67,Light
79,37,28,34,REM
72,36,22,32,Deep
100,35,21,67,Deep
108,36,17,51,Deep
105,37,19,79,Awake
68,36,15,34,Awake
81,35,24,72,Awake
79,36,18,53,Awake
78,36,19,71,Awake
98,35,26,70,Light
94,36,19,75,Awake
78,37,18,44,REM
79,36,17,77,Light
65,36,26,37,Awake
89,36,16,34,REM
68,35,21,51,Light
67,37,22,71,Deep
50,36,25,53,Light
63,36,24,71,Awake
100,36,27,66,Light
96,36,15,40,Light
99,36,19,77,Deep
51,35,19,33,Light
103,37,17,74,Light
77,37,19,45,Deep
98,36,19,55,Awake
99,37,22,51,REM
79,35,24,38,Light
87,36,20,47,Deep
100,36,25,39,Light
53,36,20,40,Awake
50,36,19,39,Awake
57,36,23,54,Deep
78,35,15,69,REM
104,36,16,58,REM
88,35,21,74,Light
52,36,29,61,Deep
81,35,25,64,REM
59,35,16,63,Awake
59,36,27,52,REM
68,36,25,64,Deep
95,37,24,33,Awake
83,36,27,72,Light
109,36,21,68,Awake
82,37,18,42,REM
72,36,22,68,REM
104,35,23,30,REM
77,36,23,40,Light
81,37,23,33,REM
99,36,29,69,Deep
56,36,28,67,Light
78,35,28,70,Awake
57,35,27,30,REM
50,36,29,55,Deep
106,36,16,65,Deep
104,35,18,37,Light
52,37,22,62,Deep
73,37,27,34,Light
72,36,22,39,Light
108,37,26,53,Light
57,35,17,62,Awake
103,36,18,37,Awake
106,36,25,39,Deep
96,37,17,40,Awake
86,37,20,41,Light
52,36,18,41,Light
100,37,20,49,Awake
82,35,25,62,Deep
77,37,20,51,Light
96,37,23,68,Awake
57,35,16,65,REM
83,36,27,36,Deep
84,35,20,32,Deep
81,36,24,73,Deep
73,36,25,33,REM
63,36,18,37,Light
81,37,28,31,Deep
105,36,24,61,Awake
95,36,21,59,Deep
92,37,17,79,Awake
65,37,29,74,Deep
53,35,26,50,Awake
101,37,18,48,Awake
86,35,20,44,Awake
103,37,27,37,REM
70,36,25,36,REM
63,35,26,36,REM
80,36,21,35,Light
104,36,25,42,Awake
97,36,20,45,Light
67,35,18,78,REM
56,36,24,58,Awake
59,37,29,79,Light
56,36,19,48,REM
82,35,21,52,Light
72,36,25,46,Light
70,35,23,39,REM
68,37,27,37,Awake
97,37,26,77,Deep
68,36,15,79,Deep
85,36,29,32,Light
78,37,26,37,Light
109,36,27,51,Light
67,37,24,39,Awake
51,36,27,48,Light
50,37,16,36,Light
96,36,20,52,Light
54,36,28,43,REM
69,37,18,47,Deep
60,36,16,34,Deep
91,36,26,51,REM
51,35,27,79,Awake
52,36,17,46,Awake
72,36,27,73,Awake
104,35,25,72,REM
61,35,22,77,Deep
69,36,27,69,Deep
54,37,21,62,Light
86,36,17,72,Deep
87,35,19,33,Awake
79,36,22,53,Awake
58,35,22,79,Light
83,36,27,68,Light
102,35,26,78,Deep
93,35,23,68,Light
84,35,26,73,Light
101,36,17,65,REM
107,35,15,68,Deep
71,36,28,56,Awake
93,36,16,76,REM
73,36,18,71,Awake
66,36,25,72,Light
59,37,21,63,Light
79,35,28,45,Awake
105,36,19,31,REM
108,35,15,76,REM
95,35,19,59,REM
72,36,23,44,Light
81,36,20,37,Deep
66,37,23,71,Light
99,36,28,71,Awake
100,37,28,70,REM
66,35,18,62,Deep
63,35,21,48,REM
58,35,23,45,Light
89,35,29,30,Deep
51,36,29,71,Deep
94,36,18,34,Light
74,35,25,61,REM
88,37,20,55,REM
58,37,15,56,REM
103,36,15,76,Light
71,35,21,31,Awake
92,35,22,68,Awake
95,35,15,32,REM
53,35,25,31,Deep
75,36,19,51,Awake
107,35,23,33,REM
78,36,19,69,Awake
94,37,17,56,REM
83,36,21,31,Awake
72,37,18,32,Awake
86,35,23,60,Deep
60,36,17,70,Deep
55,36,22,51,Awake
67,35,17,57,REM
70,35,25,69,Deep
91,36,26,60,Light
85,36,16,41,Deep
90,36,22,60,Awake
87,36,16,61,Awake
83,36,23,66,Light
66,35,18,61,Deep
86,36,22,78,Awake
74,35,22,39,Light
87,35,28,77,Light
107,37,23,56,REM
61,36,23,63,Deep
72,36,21,34,Deep
102,36,29,49,Deep
91,36,26,68,Awake
71,35,19,65,Light
70,35,27,32,REM
76,35,21,57,Deep
106,37,27,34,REM
80,36,27,79,REM
55,36,17,74,Light
76,36,25,31,Deep
89,37,19,72,REM
83,35,19,75,Deep
61,36,19,47,Deep
94,36,25,65,Deep
106,37,18,52,REM
102,37,15,62,Light
56,35,25,47,Light
59,37,17,46,REM
94,37,16,51,Awake
66,35,18,37,Deep
75,36,20,71,Deep
70,36,22,47,Light
77,37,15,50,REM
107,35,29,74,REM
95,37,25,54,Awake
51,36,19,57,Awake
109,36,19,77,Light
103,36,21,74,Awake
92,36,24,38,Awake
50,37,17,53,REM
100,37,17,78,REM
102,37,27,48,Awake
85,35,18,48,Light
100,36,20,39,Awake
75,35,28,35,Light
78,36,24,67,Awake
70,36,20,68,REM
60,36,25,78,REM
89,36,15,68,Light
60,37,26,42,Awake
85,35,22,32,Awake
98,36,27,79,Light
108,36,29,47,Awake
88,35,28,45,Deep
89,35,28,75,REM
84,37,22,59,REM
103,37,20,40,Light
83,37,21,74,Awake
104,37,25,79,Light
96,35,28,34,Deep
73,36,18,73,Awake
103,36,28,49,Deep
71,36,27,56,Light
54,36,29,75,REM
105,36,28,78,Deep
82,36,19,43,Awake
107,36,16,40,Light
85,35,16,34,Light
96,36,19,58,Light
69,36,24,30,REM
68,36,27,50,Light
84,35,28,33,Light
101,36,24,50,REM
92,35,15,31,Light
66,36,17,71,Light
108,37,16,40,Deep
94,36,20,46,Light
92,36,22,73,REM
83,36,15,67,Deep
58,36,20,40,Light
75,37,17,33,REM
51,36,24,65,Awake
102,36,21,49,Light
58,36,22,68,Awake
58,35,21,52,Deep
89,36,29,47,REM
66,36,18,52,Deep
50,36,22,67,Awake
74,36,26,75,Awake
92,36,23,32,Awake
89,35,28,56,REM
91,36,20,31,Awake
74,36,21,53,Awake
88,36,16,74,REM
84,35,24,48,Awake
52,36,19,76,Light
99,37,17,61,Awake
86,35,23,76,REM
93,36,22,67,Awake
93,35,16,35,REM
100,36,25,41,Awake
79,36,24,49,Light
87,36,17,38,REM
83,36,22,54,REM
61,37,25,53,REM
68,35,22,77,REM
86,35,20,51,Awake
93,37,19,69,Awake
108,36,24,77,Light
108,37,29,73,Light
98,36,25,40,Awake
66,37,16,54,Deep
59,36,21,47,REM
106,36,28,49,Awake
104,37,16,48,Light
98,36,29,71,REM
96,35,29,52,Light
61,36,16,56,Deep
65,35,29,79,REM
73,35,20,32,Deep
68,36,27,54,Deep
57,36,21,68,Deep
80,36,21,37,Awake
70,36,24,60,Light
66,36,26,41,REM
72,35,15,73,Awake
86,35,23,46,Light
103,35,17,46,Awake
65,36,20,59,Light
55,35,20,39,REM
57,36,22,44,REM
74,36,20,50,REM
67,37,16,47,REM
74,35,17,56,Light
61,36,15,59,Awake
64,36,22,58,REM
108,37,29,62,REM
75,37,16,45,REM
90,35,29,36,Deep
94,35,26,68,REM
75,37,24,72,REM
96,36,24,42,Light
81,36,27,50,Deep
59,36,16,54,Light
65,36,22,56,Awake
56,37,25,62,Deep
66,37,23,32,Light
72,36,27,66,Light
75,36,16,33,Awake
70,37,25,53,Awake
71,35,23,71,REM
107,35,20,52,REM
56,37,20,37,Deep
63,36,24,79,Deep
64,35,28,74,Awake
102,35,22,68,Deep
56,37,27,50,REM
58,36,21,39,Awake
100,36,16,77,Light
97,35,15,56,Awake
57,37,15,72,Deep
99,37,20,47,REM
108,36,20,46,REM
72,36,25,79,Light
78,35,26,56,Light
67,37,15,37,Awake
80,36,18,40,REM
79,37,19,54,Light
101,36,23,32,Light
88,37,17,53,Awake
84,37,17,50,Awake
67,36,29,68,REM
108,37,27,47,Deep
91,36,17,79,Deep
88,35,21,39,REM
66,36,20,59,Deep
63,36,26,34,REM
80,36,22,66,REM
73,35,16,79,Light
84,36,26,70,Deep
93,36,20,57,REM
109,36,18,54,Deep
94,36,20,71,Deep
83,36,22,76,Awake
52,35,20,79,Deep
86,36,18,49,REM
92,36,20,79,Light
89,35,15,37,Deep
75,37,26,42,REM
104,37,17,34,Awake
72,36,15,43,Deep
93,37,24,68,Light
88,37,26,72,Deep
64,37,27,68,REM
105,35,22,61,Deep
98,37,18,55,Deep
53,36,26,65,Awake
78,36,25,49,Deep
71,35,18,72,Light
74,36,28,63,Deep
62,35,16,64,Awake
67,35,29,56,REM
82,36,27,74,Deep
65,37,25,42,Deep
94,37,29,49,Awake
91,36,25,68,Awake
93,37,17,54,Awake
51,37,21,74,Deep
104,37,16,47,Light
84,35,20,48,Awake
91,36,26,74,REM
83,37,20,53,Deep
79,36,19,55,REM
108,36,23,46,REM
104,36,28,43,Light
62,36,15,62,REM
62,36,20,35,Awake
67,35,17,73,Awake
81,36,25,68,Deep
81,37,16,39,Light
84,37,24,64,Light
108,35,19,60,REM
88,37,17,39,Light
95,36,29,43,REM
101,36,15,50,REM
78,37,21,64,Light
98,37,15,61,Deep
78,37,22,56,REM
102,36,22,68,Awake
93,37,19,67,Awake
106,35,16,60,Light
65,36,20,69,Light
105,36,25,46,REM
93,36,26,74,REM
96,36,22,60,Awake
106,37,23,71,REM
59,35,18,57,Awake
79,35,19,40,REM
74,36,17,57,Deep
88,36,18,48,Deep
69,37,18,64,Awake
54,36,22,53,Deep
50,35,23,71,Deep
79,37,29,63,Light
98,36,17,64,REM
52,35,24,40,Light
94,36,27,79,Awake
63,36,23,72,Light
105,36,18,69,Awake
79,36,18,46,Deep
99,37,15,56,Light
53,37,19,36,Deep
67,36,26,56,REM
86,35,15,37,Deep
74,37,18,57,REM
97,36,25,62,Deep
50,36,26,49,Light
102,36,21,54,Light
95,37,25,73,Deep
64,36,20,35,Awake
58,35,17,69,Awake
64,36,20,38,REM
98,37,23,31,REM
106,35,29,39,Deep
73,37,16,68,Light
53,36,22,50,REM
61,36,19,73,Deep
108,36,22,56,REM
107,35,15,31,Light
86,37,19,65,REM
86,36,27,35,Deep
92,37,23,69,REM
109,36,21,38,Awake
55,35,19,47,REM
88,35,19,68,Light
105,36,20,77,Light
95,37,27,48,Light
73,36,29,71,Light
60,36,21,39,Deep
62,36,20,70,REM
83,36,27,62,REM
74,36,21,39,REM
56,37,23,45,REM
101,36,18,36,Deep
53,36,26,49,Light
108,35,22,40,REM
57,37,27,62,REM
69,35,26,79,Light
78,35,18,30,Awake
103,36,25,57,Awake
102,36,27,58,Light
100,36,20,75,REM
94,36,17,55,Light
95,37,15,57,REM
59,35,21,53,REM
92,37,20,43,Awake
83,36,23,32,Awake
106,36,17,50,REM
75,36,27,32,REM
90,36,18,57,REM
98,37,18,45,Awake
107,36,22,56,REM
52,36,22,36,Light
105,36,18,76,Deep
55,37,19,74,Deep
54,36,17,39,REM
54,37,25,47,Light
103,36,26,60,REM
96,35,21,34,Light
72,35,25,47,Awake
98,36,26,42,Awake
58,35,17,75,REM
84,35,29,72,Awake
69,37,27,58,REM
107,37,18,56,Deep
98,36,17,76,Light
108,35,16,76,Light
91,35,17,78,Deep
84,35,26,36,Deep
99,36,22,38,Deep
67,37,26,63,Deep
66,36,26,57,Awake
73,35,24,30,Light
52,36,25,33,Light
81,36,15,74,Deep
84,36,19,73,REM
87,36,24,47,REM
62,36,15,74,REM
105,35,15,59,REM
96,35,27,70,Awake
74,37,25,51,Light
58,35,18,35,Light
53,35,25,51,Light
63,35,26,52,REM
86,35,19,57,Deep
83,36,15,35,REM
60,37,28,79,Light
90,36,20,42,REM
105,36,16,39,Deep
52,36,22,56,Deep
108,36,26,56,REM
77,37,18,51,Light
78,37,19,68,Awake
58,35,18,55,Light
52,37,29,60,Awake
74,36,17,66,Light
83,37,23,31,REM
61,36,28,58,Awake
91,37,17,74,Light
58,37,29,30,REM
64,35,29,50,Light
89,36,28,76,Deep
74,37,18,47,Deep
54,37,24,52,Light
60,35,26,79,REM
108,36,29,39,Light
83,36,17,33,REM
73,35,26,72,Awake
109,36,20,73,Deep
64,35,17,53,Awake
87,37,21,55,REM
57,36,26,71,Light
108,37,21,66,Deep
54,35,23,43,REM
97,36,29,30,REM
75,35,20,53,Deep
67,35,24,72,Light
55,35,20,74,Deep
86,35,20,77,Light
109,36,25,73,Light
97,36,29,59,REM
62,36,23,52,Light
77,36,26,68,Light
54,37,16,66,Deep
62,37,18,56,Deep
66,36,22,34,Light
99,36,15,76,REM
89,35,18,52,Deep
94,37,22,48,Awake
81,35,15,61,REM
78,36,18,63,Deep
100,36,22,40,Deep
107,36,23,71,Awake
52,35,28,44,Light
105,37,24,39,Deep
89,35,21,50,Awake
83,36,28,66,Awake
89,35,26,78,Deep
76,35,18,70,REM
62,37,16,77,Deep
94,35,25,37,Awake
82,37,23,33,Deep
55,36,26,57,REM
73,35,26,44,Light
68,37,24,71,Light
65,35,29,63,Deep
89,37,23,78,Deep
77,35,16,42,Awake
82,37,27,54,REM
108,35,18,55,Awake
108,36,26,41,Awake
97,37,29,59,Light
90,37,25,52,Awake
62,37,23,52,Awake
92,37,21,48,Light
94,37,20,30,Light
74,35,20,56,REM
102,36,24,46,REM
91,36,26,30,REM
85,36,25,45,Deep
76,36,17,43,Light
87,36,22,49,Deep
109,35,26,36,Deep
56,36,22,55,REM
54,35,23,64,Light
92,36,26,61,Deep
94,36,24,70,Awake
107,37,21,52,Awake
106,36,28,55,Light
100,36,17,70,Deep
80,35,29,51,REM
72,36,16,65,Deep
91,35,15,51,Awake
59,36,28,50,Awake
81,36,18,68,REM
92,35,25,38,Light
102,36,27,46,Deep
79,37,27,41,Awake
88,37,29,47,Deep
80,36,19,41,REM
67,35,25,58,REM
85,35,16,69,Light
51,36,21,69,REM
63,37,27,48,Light
62,35,20,79,Deep
78,37,23,59,Awake
61,35,22,49,Awake
88,37,24,71,Light
51,36,29,66,Awake
81,37,15,67,Light
62,36,23,39,Light
95,36,27,53,Deep
76,35,22,73,Deep
98,35,16,55,REM
90,37,23,64,Light
66,37,19,59,Deep
89,37,17,72,Light
80,36,27,44,Light
83,37,22,58,Light
109,35,28,36,Deep
73,36,27,64,Light
94,36,25,66,Light
84,36,15,32,REM
97,36,21,63,Light
55,35,17,50,REM
68,36,28,36,Light
79,37,17,50,REM
56,36,19,39,Deep
59,35,22,50,Deep
90,35,18,49,Awake
81,35,18,66,Light
83,36,23,68,Awake
77,36,16,60,Awake
109,36,15,31,REM
64,36,20,76,Deep
79,36,25,64,Light
86,37,23,31,Light
78,35,21,70,REM
71,36,23,40,Awake
53,37,20,58,REM
69,35,29,53,Awake
81,35,15,50,Light
85,37,25,74,REM
99,36,28,51,Awake
53,36,27,33,REM
76,35,17,77,Deep
66,36,19,76,REM
61,36,25,64,Light
71,35,16,53,REM
66,36,27,34,Light
59,35,25,69,Light
103,36,25,33,REM
50,35,16,33,REM
71,35,25,56,REM
75,36,25,38,Deep
105,35,27,30,Deep
108,37,15,51,Awake
67,35,15,36,REM
99,36,20,38,Awake
63,35,17,33,Awake
96,36,23,40,Light
78,37,28,65,Awake
61,35,20,70,REM
85,37,27,52,Deep
108,35,15,55,Awake
84,36,17,31,Awake
101,36,15,33,Deep
61,37,19,42,Awake
56,36,28,57,REM
78,36,16,66,Awake
60,35,24,60,Light
82,35,21,49,Awake
55,37,29,35,Light
96,36,16,69,Deep
64,36,18,48,Deep
81,37,15,66,Awake
100,36,21,55,Awake
60,37,19,66,Deep
107,36,28,75,Light
72,36,24,76,Deep
75,37,24,56,Deep
83,35,22,55,Light
95,36,16,43,Deep
83,36,21,76,Awake
78,35,29,52,Awake
53,36,27,36,Deep
66,37,28,51,Awake
84,36,27,36,REM
62,36,16,55,Deep
90,37,18,58,REM
88,36,15,46,Deep
64,36,19,33,Deep
104,36,16,77,REM
78,37,22,68,Deep
78,36,25,71,Awake
60,37,28,48,REM
101,37,26,68,Deep
81,36,29,54,Awake
51,36,15,40,REM
96,37,15,36,REM
63,36,24,47,Awake
69,37,19,36,Deep
71,37,18,79,Deep
60,36,19,32,REM
76,36,19,52,Light
52,37,22,52,Deep
66,37,21,45,Deep
93,36,22,58,Awake
105,35,25,37,Light
77,36,20,69,Light
78,36,18,46,REM
70,36,17,59,Awake
96,36,20,65,Awake
65,36,26,74,Deep
86,36,26,71,REM
108,35,25,60,Deep
69,36,18,49,Light
55,36,23,55,Awake
68,35,23,68,REM
106,36,22,73,Deep
54,36,23,35,Deep
52,36,22,49,Light
108,35,23,68,Awake
50,37,25,51,Light
107,36,16,46,Deep
109,37,26,50,Awake
87,36,17,60,Awake
64,36,15,79,Light
83,37,29,54,Awake
84,36,29,40,Light
98,36,15,38,Awake
74,36,21,32,Awake
73,36,17,57,REM
61,35,22,57,Awake
67,35,27,40,Deep
64,35,29,64,REM
93,35,24,67,Light
65,37,20,42,Deep
76,35,24,47,Light
57,36,19,79,Light
109,37,28,48,Deep
95,36,28,68,Light
74,35,23,52,REM
66,36,19,69,Deep
78,36,19,68,Light
102,36,15,63,Light
57,37,27,72,Awake
64,37,21,76,Awake
76,36,19,58,Light
95,36,22,41,Deep
99,36,27,49,REM
101,35,16,67,Light
56,37,27,62,Light
52,35,28,38,Light
78,36,29,32,Awake
93,37,20,64,Deep
102,36,18,42,Light
73,36,20,54,Awake
109,36,19,67,Light
107,37,17,58,Light
52,36,24,34,Deep
69,37,22,39,Awake
95,35,27,40,REM
64,37,15,42,Deep
74,37,24,58,REM
79,35,26,55,Awake
63,36,26,40,Awake
56,35,28,33,REM
66,36,25,38,Awake
93,36,28,79,Deep
69,36,19,53,Light
85,35,22,73,REM
58,35,15,72,Light
87,35,15,55,REM
97,36,18,65,Light
106,36,16,39,Light
109,37,18,64,Deep
71,36,17,43,Light
103,36,15,71,REM
102,37,28,34,Light
102,36,15,68,Awake
51,37,26,34,Light
73,36,17,74,Light
57,36,28,45,Awake
60,35,28,62,Awake
62,36,24,54,REM
66,35,25,48,Awake
57,36,15,62,Awake
70,36,29,77,REM
67,36,28,32,REM
79,36,28,75,Light
67,35,24,60,Deep
95,36,20,70,REM
96,36,28,49,Awake
80,37,19,53,Light
87,36,23,73,Awake
81,37,16,50,REM
60,37,28,56,Deep
94,36,17,31,Light
74,35,18,37,REM
82,36,23,62,REM
109,36,26,65,Awake
87,36,24,59,Deep
90,36,18,37,REM
57,36,15,52,Awake
60,36,26,47,Light
71,36,29,54,Awake
100,35,27,73,Light
73,37,21,68,Awake
90,35,28,34,Deep
66,35,21,74,Awake
61,36,22,53,Deep
106,36,22,67,Deep
95,36,21,37,Light
81,36,26,63,Awake
64,36,22,41,Awake
65,36,19,51,Awake
103,37,18,30,Deep
71,37,15,37,REM
77,36,23,34,Awake
69,36,18,41,Awake
82,36,17,35,REM
59,35,24,64,Light
89,36,25,31,Awake
81,36,26,60,REM
99,37,22,37,Awake
109,35,28,77,Deep
82,36,29,76,REM
51,36,27,41,Deep
82,36,24,60,REM
82,35,19,31,Light
90,37,29,76,Deep
62,36,19,56,Awake
79,36,18,32,REM
82,35,21,47,Awake
62,36,15,33,Light
101,36,29,49,REM
75,35,23,63,Light
71,35,23,53,REM
88,37,24,49,Deep
51,35,22,35,Awake
87,35,15,42,Deep
88,36,24,35,Deep
75,37,25,70,Deep
95,35,21,36,Deep
107,36,26,59,REM
99,35,18,47,Awake
64,35,18,41,REM
83,35,17,61,REM
91,37,20,52,REM
104,35,27,50,Deep
93,35,27,59,Light
98,36,20,54,Deep
89,37,23,45,REM
60,36,25,57,Deep
52,36,18,63,Awake
108,35,17,31,Awake
55,36,29,53,Deep
58,36,24,32,Deep
55,36,29,39,Light
58,36,20,58,Deep
88,36,25,73,Deep
80,35,18,74,Light
81,36,18,33,Deep
90,35,22,50,Deep
99,37,19,59,Deep
61,37,17,37,Deep
57,37,18,68,Deep
57,37,15,67,REM
99,36,25,75,Deep
77,36,22,30,Light
69,36,16,40,Deep
96,36,17,71,REM
108,36,16,63,Light
56,36,24,74,Light
60,37,16,32,Deep
69,36,26,59,Awake
65,36,15,58,REM
53,37,18,31,Awake
55,35,28,55,Deep
107,36,25,60,REM
71,37,16,39,Awake
75,36,27,43,REM
52,36,22,62,Deep
90,35,27,53,REM
109,36,24,72,Deep
91,37,25,47,Awake
63,36,29,43,REM
60,36,18,79,Light
67,35,24,75,Deep
103,35,21,31,REM
61,37,15,68,Light
72,36,15,35,Light
61,36,16,31,Light
62,35,24,43,Light
74,36,23,43,Deep
94,37,23,70,REM
100,36,15,65,Light
107,35,22,79,REM
68,36,28,65,REM
104,37,20,50,Awake
95,36,24,64,REM
85,37,26,79,Deep
94,36,26,65,Deep
57,37,22,68,Light
78,36,27,76,REM
104,35,20,35,Deep
102,36,28,65,Deep
104,35,18,72,Deep
81,37,19,77,Light
100,37,15,40,Deep
93,36,26,55,REM
67,36,21,64,Deep
55,35,18,42,Deep
67,37,18,60,Light
68,36,28,42,REM
71,35,27,46,Deep
86,36,23,52,REM
81,35,24,56,REM
105,36,22,52,Deep
90,36,20,54,Light
108,35,28,44,REM
52,37,16,37,Awake
77,35,21,32,Deep
59,35,20,39,REM
100,35,22,59,REM
84,37,21,69,REM
78,36,22,38,Deep
103,36,17,35,Awake
64,35,22,67,REM
82,35,18,45,REM
56,36,17,77,Light
61,37,15,65,Deep
98,37,26,46,Deep
79,35,21,44,REM
70,36,24,56,Light
80,37,25,33,REM
107,36,25,35,REM
73,37,22,38,Deep
69,35,20,68,Light
86,37,20,55,REM
53,37,24,30,Deep
77,37,22,63,REM
93,36,27,51,REM
69,36,28,55,Light
109,37,17,40,Light
73,36,17,57,Light
99,36,24,78,REM
98,36,19,33,Awake
100,37,15,44,Light
81,37,28,42,Awake
90,35,18,42,Awake
85,37,28,48,Awake
107,36,25,70,Deep
102,35,26,75,REM
83,36,18,40,Light
85,36,18,57,REM
51,36,22,61,REM
64,37,17,56,Deep
83,36,19,51,Deep
85,36,19,39,Deep
55,37,17,54,REM
88,36,18,50,Awake
91,37,26,69,REM
100,36,17,68,Deep
100,37,15,36,REM
107,35,24,34,Deep
103,37,29,75,Deep
61,35,19,56,Light
52,36,16,72,Awake
94,37,23,32,Deep
67,36,28,56,Light
89,36,26,56,Awake
70,36,24,73,Deep
64,36,19,34,Awake
82,35,23,42,Awake
84,35,16,50,REM
75,36,25,73,Light
57,36,25,76,Awake
85,35,29,79,REM
97,36,18,77,Awake
79,36,15,30,REM
72,35,23,32,Deep
91,36,25,37,Deep
93,37,26,47,REM
63,35,17,71,Deep
63,36,18,74,Deep
51,36,22,39,Deep
104,36,19,60,Awake
86,36,27,75,REM
54,36,22,53,Light
87,36,26,35,Light
94,35,23,52,REM
90,36,26,48,Awake
103,36,19,58,Deep
109,35,27,51,Deep
96,36,19,30,Awake
63,37,23,79,Light
105,36,18,57,REM
88,36,22,53,REM
74,37,19,77,Awake
69,36,19,37,Deep
51,36,29,39,Deep
88,37,17,70,Deep
55,37,26,43,REM
66,36,29,69,Light
108,36,15,43,REM
74,36,25,31,Awake
106,37,18,55,REM
77,36,15,39,Awake
51,35,21,67,REM
84,37,29,62,Light
86,36,15,76,Awake
54,35,23,69,Deep
50,36,22,39,Deep
89,36,28,70,REM
61,37,16,62,REM
105,35,25,63,Light
85,37,25,71,Light
94,36,25,58,Deep
72,35,29,53,REM
96,37,27,61,Awake
80,36,15,44,Light
60,36,22,39,Awake
59,36,20,60,Awake
52,37,19,41,Light
103,36,21,33,REM
63,35,20,30,Awake
65,35,21,60,REM
59,36,29,48,Awake
78,37,16,67,REM
59,36,28,48,REM
61,35,22,54,REM
79,35,24,50,REM
90,36,27,62,Light
50,37,20,47,Awake
54,36,21,78,REM
69,37,21,76,Deep
57,36,20,72,Awake
92,35,28,76,Awake
61,37,27,52,REM
50,36,16,56,Awake
106,36,16,67,Deep
103,37,21,64,Deep
69,35,16,74,Deep
77,35,24,65,Awake
106,36,17,79,Awake
92,36,22,47,REM
86,35,15,71,Awake
96,35,19,64,Awake
86,35,25,64,REM
61,37,22,46,Deep
86,35,29,69,REM
98,36,28,75,Light
98,36,20,40,Awake
105,36,15,61,Awake
93,35,27,49,Light
105,37,28,79,Light
77,35,27,53,Light
96,37,16,41,REM
64,37,29,49,Deep
55,36,18,62,REM
93,36,25,33,Light
108,36,28,60,REM
69,36,18,76,Awake
99,37,28,72,REM
63,37,19,33,Light
51,36,29,79,Awake
58,36,19,64,Deep
86,37,29,38,REM
69,37,15,30,REM
75,36,25,38,Light
78,36,22,71,Deep
50,36,22,31,Awake
104,37,18,41,Light
84,35,25,67,Light
55,36,17,59,REM
86,36,23,69,Deep
102,36,18,67,Light
108,36,29,32,REM
54,37,15,74,Awake
82,35,17,41,Light
98,36,18,57,Awake
100,35,21,62,Awake
63,35,18,38,REM
61,36,22,78,Deep
91,36,28,54,Awake
69,36,25,32,Light
102,36,23,76,Deep
99,35,16,59,Deep
73,36,25,64,REM
108,37,17,56,Light
92,37,26,71,Light
83,36,18,31,REM
74,36,21,43,REM
99,37,20,53,Deep
78,35,27,33,Awake
106,37,16,65,Awake
88,37,23,49,Awake
80,35,17,43,Awake
105,35,25,30,Light
96,37,28,65,Light
92,36,21,71,REM
99,35,22,49,REM
72,36,28,58,Awake
93,36,22,41,REM
87,36,22,61,Light
69,36,23,30,Awake
72,37,25,54,Awake
94,36,16,62,Light
101,36,27,75,Deep
65,36,21,49,Awake
99,36,16,68,REM
91,35,26,59,Deep
109,37,20,76,Light
104,37,16,49,Deep
57,36,24,45,Deep
99,36,28,74,Awake
70,35,28,32,Deep
50,36,29,36,REM
104,36,28,34,Awake
57,36,15,72,Light
78,37,20,30,REM
81,36,27,73,Awake
87,36,20,52,Deep
54,37,24,30,REM
96,35,24,50,Awake
71,36,20,39,Awake
96,36,28,61,Light
83,36,22,63,Awake
50,37,21,54,Light
104,36,29,32,Deep
104,37,22,62,Awake
75,36,17,72,Awake
92,36,22,66,Deep
59,37,27,71,Awake
79,35,26,40,Awake
99,35,26,74,REM
67,36,25,46,Light
66,36,18,30,Awake
75,35,27,72,Awake
57,36,28,77,Light
96,36,17,62,REM
89,36,16,41,Light
98,37,29,42,Awake
61,36,28,53,Deep
76,37,28,74,Deep
57,35,28,37,REM
74,36,23,71,REM
95,37,24,44,Awake
53,36,23,70,REM
82,36,15,76,Awake
50,36,26,51,Deep
68,35,22,48,REM
80,36,24,70,Awake
65,36,22,56,Light
63,37,22,64,REM
102,35,17,61,Awake
97,37,19,37,Awake
54,37,17,72,Light
90,35,17,39,Deep
75,36,29,76,Light
77,37,17,42,Awake
51,37,19,66,Light
99,36,23,44,Light
55,36,24,45,Awake
58,36,17,45,Deep
82,36,26,67,Light
90,36,26,57,Light
74,36,18,74,REM
97,35,19,45,REM
62,35,29,64,Awake
58,36,27,67,Awake
102,36,25,37,Awake
62,36,16,50,REM
80,36,21,54,Awake
90,36,23,47,Light
60,35,17,46,Light
53,36,21,64,Deep
83,37,24,40,Awake
87,36,19,65,Light
95,36,26,76,Light
53,36,27,58,Deep
87,37,19,60,Light
68,35,27,33,Deep
55,36,16,73,Deep
83,36,27,44,REM
67,36,17,60,Light
62,35,16,78,REM
90,36,24,59,Light
72,35,22,66,REM
68,36,28,52,Deep
94,36,20,33,Deep
60,35,19,69,Deep
50,37,22,31,Deep
73,35,21,65,Light
103,37,20,31,Awake
56,36,25,73,Light
74,35,26,37,REM
70,35,27,55,Light
64,37,29,59,Light
50,35,18,52,REM
61,35,25,47,Deep
107,36,20,53,REM
56,36,25,45,REM
64,36,22,51,Awake
70,35,29,47,Awake
68,36,25,58,Deep
109,35,29,41,REM
78,35,27,79,REM
74,36,28,55,REM
82,36,27,39,Light
98,35,21,53,Awake
81,36,18,73,Awake
98,36,20,31,Deep
84,37,15,63,Awake
93,37,22,57,Awake
87,37,22,38,Deep
75,35,22,70,REM
60,35,29,48,Light
84,36,28,44,Deep
57,36,17,71,Awake
95,36,20,61,Deep
63,37,21,74,Awake
59,37,20,61,REM
51,37,26,67,REM
95,36,22,71,REM
58,36,23,32,Awake
52,36,27,68,Deep
70,35,27,60,Awake
75,36,16,33,REM
57,35,25,55,REM
97,36,21,34,REM
51,36,19,66,Awake
55,36,15,57,Light
77,37,22,77,REM
102,36,20,39,Deep
78,37,18,60,REM
75,36,25,40,Awake
74,36,26,60,Deep
61,36,18,66,Awake
54,36,15,66,Light
83,37,27,70,Light
97,35,15,72,Awake
86,36,29,33,REM
64,36,24,47,Deep
93,37,19,64,REM
85,35,18,54,Awake
64,37,15,39,Awake
92,36,18,57,REM
97,36,17,50,Deep
72,36,24,49,Deep
55,36,17,70,Deep
95,36,22,50,Deep
99,37,23,31,Deep
93,36,19,32,Light
108,36,15,72,Light
92,36,15,78,Awake
94,35,15,64,Light
70,35,26,48,Deep
72,36,19,76,Deep
92,36,26,63,Deep
104,35,21,72,Awake
65,36,21,68,Awake
96,36,22,48,REM
102,36,25,53,Light
109,36,19,39,Light
64,35,16,44,REM
74,37,23,68,REM
85,37,19,74,Light
60,36,21,66,Deep
100,35,24,53,Light
64,37,22,34,Deep
53,37,24,32,Awake
70,37,23,48,Light
62,35,26,53,Light
71,36,25,60,Awake
68,37,23,30,Awake
83,36,25,79,Awake
63,36,28,48,Awake
53,36,21,72,Awake
97,36,21,56,REM
102,35,26,36,REM
101,36,23,69,Awake
95,35,16,65,Awake
76,36,28,56,Awake
78,36,15,55,Awake
96,36,26,34,Deep
77,35,26,62,Deep
84,36,29,75,Awake
57,37,15,34,Awake
65,35,23,43,Light
91,35,21,75,Awake
85,35,19,44,Awake
79,37,16,62,REM
67,36,23,56,Deep
51,36,22,59,Awake
98,35,16,50,Deep
62,36,24,44,Deep
53,37,26,32,Light
75,37,26,67,Deep
74,36,28,67,Deep
79,35,21,63,Awake
60,35,29,62,REM
56,35,27,42,Awake
80,36,19,31,Awake
93,35,17,70,REM
59,36,21,54,REM
88,36,21,45,Light
62,37,23,35,REM
80,36,23,33,Awake
56,37,26,47,REM
105,36,22,70,REM
98,35,16,75,REM
91,36,27,74,Deep
91,36,19,76,Light
105,36,29,75,Deep
85,36,16,56,Deep
69,37,29,40,Light
53,36,16,69,Deep
103,36,18,40,REM
56,37,15,43,Light
103,35,25,41,Deep
50,36,27,55,Awake
93,36,21,46,Deep
105,37,28,37,Awake
94,37,23,52,REM
91,37,24,73,Awake
96,35,27,58,Deep
108,37,19,73,Deep
62,36,20,39,Deep
104,36,28,38,Light
71,35,28,58,Light
103,36,29,53,Deep
70,37,28,63,Deep
71,37,16,69,REM
77,36,27,67,Light
58,35,21,77,Light
75,36,29,49,Light
58,37,22,40,Awake
64,36,23,57,Deep
59,36,22,35,REM
73,35,19,44,REM
107,36,16,40,Deep
106,36,28,49,Deep
91,37,27,35,REM
57,36,17,31,Awake
73,36,26,62,REM
65,36,24,60,Awake
98,35,21,65,Awake
75,37,18,63,Light
76,36,27,35,Deep
86,36,25,44,Light
53,36,23,36,Awake
99,36,24,72,REM
73,36,16,67,Light
68,36,22,40,REM
85,36,17,47,Awake
109,36,18,78,REM
88,35,24,59,Light
59,36,28,70,Awake
74,35,21,43,Deep
67,36,18,40,Light
68,37,24,69,Light
85,37,28,64,Deep
59,36,26,64,Awake
82,36,28,57,Deep
104,35,23,58,Light
99,36,26,66,Awake
54,37,17,43,REM
96,35,20,47,Light
98,36,20,73,REM
84,37,22,45,Deep
93,37,28,57,Awake
83,35,28,65,Deep
82,36,17,79,REM
104,35,17,51,Light
70,35,20,51,Awake
66,37,19,72,Deep
71,37,24,70,REM
97,37,28,66,REM
86,35,29,53,Light
64,37,24,46,REM
84,36,27,60,Awake
77,36,22,73,REM
56,36,18,74,Light
81,35,22,35,Deep
60,37,23,51,Awake
59,36,26,53,Deep
58,35,18,78,Deep
63,35,20,63,REM
62,35,20,50,REM
106,35,29,31,Light
74,36,21,58,REM
51,37,26,34,REM
84,35,26,71,Deep
56,35,18,67,Awake
70,36,23,53,REM
67,37,28,51,Awake
52,36,22,74,REM
91,36,29,44,REM
103,36,18,42,Light
88,36,16,76,REM
90,35,28,70,Light
98,36,27,71,Deep
60,36,29,39,Awake
88,36,25,37,REM
73,36,29,31,Light
109,36,27,41,Deep
95,35,27,68,REM
68,36,23,42,Light
53,35,20,66,Light
75,35,29,42,Deep
87,36,21,49,REM
91,37,23,79,REM
81,37,21,42,Awake
88,36,23,48,REM
94,35,22,45,Light
95,35,15,35,Awake
85,37,28,54,Awake
89,36,21,48,REM
86,36,23,64,Awake
82,37,17,70,Light
85,36,15,57,Light
52,37,18,31,Deep
58,35,25,60,Light
57,36,16,32,Deep
82,37,28,60,Awake
108,36,18,64,Deep
55,36,18,39,REM
90,36,17,70,Deep
88,37,15,75,REM
53,35,26,70,Awake
62,36,28,45,Deep
98,35,24,59,Light
109,36,17,75,REM
51,35,19,46,Awake
109,35,22,71,Light
54,36,29,30,REM
93,37,18,30,Awake
76,35,25,67,Awake
81,35,21,68,Light
70,37,19,69,Awake
57,36,21,76,Deep
87,37,16,35,Awake
57,35,26,41,REM
99,36,18,75,REM
52,35,25,38,REM
103,35,16,64,Deep
93,36,29,56,Light
107,36,17,34,Deep
52,37,28,44,Deep
71,36,27,56,Deep
55,36,29,72,Awake
51,36,22,65,Light
72,37,25,61,Awake
93,36,20,54,Deep
51,36,17,44,REM
87,36,21,35,Deep
66,36,17,50,Light
84,36,29,31,REM
83,37,16,40,Light
72,36,23,51,Deep
79,37,24,50,Light
101,35,23,32,Awake
57,36,24,59,REM
71,37,16,57,Light
93,35,23,33,REM
107,37,19,77,REM
85,36,29,34,Deep
54,37,26,72,Deep
62,36,29,30,REM
78,36,15,74,Light
80,35,19,30,REM
96,36,17,67,Deep
106,35,15,48,Light
104,35,18,66,REM
65,35,25,50,Deep
91,36,18,33,REM
79,37,22,68,REM
106,35,28,33,REM
104,35,25,76,Light
65,36,20,32,Deep
61,35,20,53,Deep
66,35,21,66,Awake
65,35,17,49,REM
61,37,24,40,REM
57,37,20,67,Awake
69,36,27,69,REM
52,36,26,76,Light
65,36,24,48,Awake
79,36,20,55,Deep
94,36,18,48,REM
72,36,26,42,Deep
77,36,22,67,REM
100,35,18,46,Awake
89,36,17,51,Deep
103,37,17,50,REM
54,36,26,65,Light
69,37,18,75,Awake
89,37,22,63,REM
105,35,21,53,REM
93,36,23,68,REM
50,36,28,62,Awake
106,37,28,33,REM
79,37,21,34,REM
70,36,15,31,Deep
69,35,21,52,Deep
55,37,24,71,Awake
71,35,23,45,Awake
67,37,24,49,Light
57,37,17,75,REM
88,36,24,71,Deep
81,36,17,63,Deep
82,36,26,43,REM
102,36,20,35,REM
65,36,25,30,Awake
61,37,15,35,Light
87,37,21,44,Light
101,37,25,57,Awake
83,35,18,33,Awake
63,37,26,36,Deep
85,36,24,39,Awake
82,36,23,61,Light
72,35,20,60,Deep
99,36,22,57,Light
94,37,23,42,REM
51,36,22,48,Light
90,36,25,34,Deep
70,36,21,41,Light
51,36,18,74,Deep
76,35,18,78,Deep
106,36,15,62,Awake
58,36,19,75,Light
50,35,26,62,Awake
60,37,26,31,Awake
52,35,18,79,Light
101,36,29,34,Deep
72,36,22,64,REM
75,36,28,42,Light
53,35,25,49,Awake
67,35,25,62,Awake
104,37,16,51,Deep
55,36,18,42,Awake
84,37,15,46,REM
71,37,25,47,Awake
92,35,20,77,Deep
64,36,26,69,Light
71,36,20,52,Deep
109,37,27,39,Awake
86,37,16,70,Deep
101,36,17,37,Awake
91,37,20,40,Deep
61,35,21,48,Light
96,37,20,74,Awake
98,37,26,36,REM
91,35,16,36,REM
87,36,20,54,REM
67,35,27,43,REM
94,36,16,58,Awake
84,37,29,52,Awake
79,36,29,51,Light
73,35,16,35,Deep
91,36,19,37,Awake
79,37,20,71,REM
63,36,26,74,Awake
55,36,23,41,REM
52,35,24,35,Light
65,37,26,32,Deep
56,37,16,60,Awake
101,36,27,65,Deep
63,35,25,48,REM
58,35,23,63,REM
64,35,28,65,Deep
70,36,25,76,Light
84,37,18,33,Deep
51,36,21,39,Deep
76,37,22,33,Awake
51,36,15,73,Awake
84,36,29,69,REM
67,36,16,58,Awake
63,35,25,34,Light
69,36,22,43,Light
67,36,15,44,Light
59,35,28,58,REM
74,36,27,42,Light
51,36,22,33,Light
74,37,18,66,Awake
103,36,16,44,REM
82,37,20,52,Deep
85,36,18,36,Light
80,37,22,70,Awake
63,36,29,58,Deep
50,37,23,75,Light
95,36,28,54,Deep
65,36,24,77,Deep
103,36,22,74,REM
95,36,27,58,REM
101,35,22,76,Light
52,35,28,46,Light
84,35,19,48,REM
90,37,16,32,Light
55,35,27,59,Light
74,35,23,66,REM
62,36,28,68,Deep
102,36,29,37,Light
83,36,15,52,Awake
57,35,22,38,REM
70,37,20,63,Light
83,37,24,37,Light
53,37,26,75,REM
74,36,19,41,Awake
64,37,23,44,Awake
53,35,25,72,REM
94,35,17,52,Awake
109,35,27,31,Light
61,36,24,54,Awake
81,36,29,34,Light
81,36,20,79,Deep
77,35,16,59,Awake
62,36,22,42,Deep
80,36,16,58,REM
63,36,29,33,Awake
69,36,15,69,Light
67,35,26,76,Awake
78,37,22,73,REM
109,36,20,47,REM
55,35,15,46,Light
81,35,24,31,Awake
78,36,23,62,Deep
92,37,19,56,REM
51,36,28,52,REM
109,36,19,75,Light
72,37,21,38,Awake
68,36,23,30,Deep
80,36,16,33,Awake
100,36,28,41,Awake
54,35,20,31,Deep
68,36,16,55,Light
83,36,20,45,REM
59,37,24,39,Light
74,36,22,67,Light
51,36,25,40,Awake
60,36,15,64,Deep
99,37,19,47,REM
80,37,27,55,Awake
105,36,16,76,REM
64,36,27,31,Awake
58,36,16,55,Deep
72,36,27,72,REM
68,35,20,59,REM
58,36,24,43,Light
84,35,17,49,Awake
70,37,15,64,Awake
58,36,18,74,Awake
77,37,16,32,Light
95,36,19,33,Light
100,36,22,46,REM
56,36,23,41,Awake
65,35,26,43,Awake
65,36,24,41,REM
109,35,24,39,REM
82,36,21,36,REM
53,36,22,76,Deep
53,37,21,37,Deep
88,35,27,40,REM
89,35,18,42,Light
66,36,15,76,Light
86,37,24,67,Awake
88,36,18,69,Deep
109,36,28,35,Deep
101,36,27,71,REM
78,35,16,50,REM
101,37,16,43,REM
85,36,22,58,REM
109,36,24,71,REM
87,36,19,68,Light
88,35,25,74,Light
99,37,23,76,REM
86,35,19,41,Light
101,36,15,51,REM
84,35,26,30,REM
56,36,18,73,Deep
76,37,27,37,Light
77,36,21,73,Light
71,36,23,46,Deep
63,37,28,48,Light
56,35,27,31,Deep
86,36,20,46,Awake
71,35,18,74,Light
54,37,26,31,REM
104,36,21,50,Deep
51,36,17,31,REM
76,36,28,48,REM
70,35,17,38,Light
103,35,15,42,Deep
87,36,15,73,Awake
64,36,24,51,REM
70,35,24,43,REM
59,35,19,59,Awake
72,37,19,37,Deep
107,37,20,42,Light
105,36,25,57,REM
88,36,15,41,Light
54,35,28,63,Deep
50,36,18,54,Awake
62,37,29,68,Light
70,35,17,77,Deep
75,35,26,35,Light
99,37,18,46,Light
94,36,16,45,REM
70,35,28,37,Light
102,36,27,70,REM
67,36,21,67,Deep
86,36,25,54,Deep
94,37,23,56,REM
81,37,27,32,Awake
85,36,19,57,Light
66,37,22,69,Deep
84,36,22,58,Deep
98,37,20,43,Awake
109,36,28,63,Deep
60,37,17,48,REM
70,37,17,57,Awake
101,35,23,54,Deep
104,37,24,49,Awake
102,37,17,65,Awake
75,37,20,74,Deep
53,35,29,30,Deep
83,37,18,76,Deep
101,37,25,55,Awake
97,36,26,65,REM
109,37,21,72,REM
67,35,29,53,Light
89,35,26,71,Deep
84,36,21,38,REM
90,36,23,37,Light
78,36,25,62,Light
101,35,23,73,Deep
78,37,28,74,Light
87,35,20,62,REM
91,35,19,56,Light
70,35,18,46,Light
91,36,15,79,REM
62,37,15,45,Light
98,36,28,67,Light
90,37,25,56,Awake
66,35,24,60,Light
105,36,24,49,Light
58,36,27,78,Awake
90,36,22,58,Awake
50,35,28,76,Awake
51,36,20,30,Deep
109,36,28,58,Deep
97,37,25,65,REM
78,36,18,67,Light
82,35,23,75,REM
59,36,22,30,Deep
99,35,17,30,Light
107,37,23,53,Light
109,36,19,31,Awake
89,35,15,78,Deep
70,37,29,41,Light
77,36,24,53,Awake
60,35,28,33,Light
104,36,25,56,Deep
83,36,20,48,REM
57,37,22,32,REM
108,37,25,46,Light
71,37,29,49,Awake
57,36,18,79,Awake
98,36,28,40,Awake
64,37,28,57,Deep
66,35,25,79,REM
109,36,28,69,REM
72,36,20,79,Light
73,35,29,78,REM
94,36,25,54,Awake
68,37,15,64,Deep
54,37,28,35,Awake
81,35,22,52,Awake
93,35,21,70,REM
50,36,23,55,Deep
72,37,17,65,Deep
86,35,22,67,Awake
57,36,27,42,Light
62,35,15,73,REM
57,36,19,52,Light
106,36,15,40,Awake
72,37,21,73,REM
92,35,25,50,Light
50,36,26,67,Light
94,35,29,57,Light
100,36,24,49,REM
73,37,18,70,Light
84,35,28,59,Deep
73,37,26,49,Awake
66,36,23,35,REM
54,35,25,74,Deep
69,36,28,31,Light
70,35,25,73,Awake
89,36,20,47,Light
107,37,25,61,Deep
80,35,15,76,Light
95,36,20,37,REM
85,37,21,58,Deep
60,37,17,68,REM
101,36,15,67,Awake
64,37,17,56,REM
68,36,24,61,REM
56,36,27,67,Light
100,37,29,72,Light
77,36,20,68,Deep
100,36,23,47,Awake
92,36,29,79,Deep
107,37,17,51,Awake
54,37,25,31,Awake
54,36,26,48,REM
79,36,16,36,Light
103,36,27,36,Awake
81,36,27,44,Light
57,35,15,32,Awake
59,37,16,64,Light
87,36,15,33,Deep
96,36,20,40,Light
81,35,22,34,REM
97,35,22,33,Awake
77,37,19,43,REM
66,36,28,58,Awake
80,35,20,78,REM
57,36,15,73,Awake
89,36,19,73,Light
74,35,22,38,Awake
58,36,21,43,REM
51,36,19,33,REM
64,36,16,68,Awake
99,36,27,33,Awake
52,36,29,57,Deep
98,37,19,42,Deep
85,36,20,42,Light
53,36,24,79,Light
63,35,25,67,Light
90,36,20,71,Light
90,37,28,58,Light
74,35,23,73,Awake
107,36,21,62,Deep
104,35,24,77,Awake
99,36,29,44,Deep
59,37,26,59,Deep
70,36,15,64,REM
85,36,19,49,REM
61,35,22,73,Deep
76,36,19,78,Awake
89,35,25,54,Deep
51,37,27,49,Light
103,35,25,53,Awake
62,37,29,72,Awake
102,36,19,62,Deep
81,36,28,32,Light
80,36,26,57,Deep
65,37,20,30,Light
81,35,26,68,Awake
81,35,16,46,Deep
109,36,26,53,Light
83,35,22,69,REM
60,35,19,32,Awake
59,37,24,37,Awake
64,37,24,49,REM
66,36,18,41,Light
89,37,15,46,Awake
67,36,21,79,Light
104,36,23,71,REM
58,36,28,74,Deep
74,36,28,76,Awake
89,37,22,47,Awake
108,36,26,44,Light
63,36,21,41,Awake
109,35,26,71,Deep
107,35,18,63,REM
74,35,20,41,Awake
99,37,24,48,REM
71,37,15,55,Light
101,37,25,56,Deep
79,36,27,74,Awake
69,36,20,49,REM
70,35,21,75,Deep
93,36,27,52,REM
81,36,26,67,Light
100,37,19,76,Deep
95,36,19,75,Deep
98,35,25,32,Light
105,35,23,40,Light
70,35,17,53,Awake
84,36,19,51,Light
107,37,28,62,Light
81,36,25,77,REM
79,37,29,35,Deep
104,36,26,52,REM
88,36,29,39,Light
98,35,18,74,Awake
61,37,26,78,REM
90,37,15,53,REM
96,35,25,35,Deep
67,36,22,69,Deep
70,36,20,64,Deep
62,36,27,47,Awake
70,37,27,74,Awake
57,36,15,78,Light
95,36,24,57,Light
89,35,20,58,Deep
95,35,21,44,REM
56,35,27,59,Deep
72,35,19,51,Light
93,36,29,45,REM
81,36,17,33,Light
60,35,24,42,Awake
71,37,25,39,Deep
71,35,18,57,Deep
92,36,19,60,REM
74,35,27,60,Deep
71,36,26,49,Light
77,36,19,51,Light
78,36,23,71,Awake
62,36,15,53,Light
67,37,18,79,REM
51,35,22,51,Light
78,35,16,62,Awake
70,35,27,32,Awake
64,36,25,62,Deep
101,35,29,72,REM
76,37,25,77,Light
99,36,29,79,Awake
80,36,23,44,Light
64,36,24,58,Awake
100,35,29,52,Deep
72,35,24,58,Awake
73,36,15,37,Deep
93,36,25,72,REM
62,35,28,75,Light
71,35,26,52,Light
92,37,23,44,Deep
86,35,25,37,REM
82,37,29,64,Deep
105,37,16,45,Awake
52,36,25,75,Deep
103,35,19,63,REM
68,35,24,62,Awake
72,36,24,57,Light
78,36,17,32,Light
79,37,18,76,Light
88,37,24,61,REM
93,36,16,79,REM
96,35,18,56,REM
74,35,27,65,REM
86,37,19,32,REM
96,35,22,61,Awake
57,35,29,68,Deep
91,36,18,68,Light
107,36,20,68,REM
65,37,24,41,Light
57,36,26,78,REM
50,35,28,79,Light
93,37,28,33,Deep
54,36,26,76,Light
52,36,18,44,Light
50,36,15,64,REM
53,35,20,46,Awake
89,36,17,78,Awake
84,35,25,35,Light
81,36,24,54,Awake
91,36,15,51,Deep
83,37,27,46,Deep
92,37,18,62,Awake
74,35,21,36,Awake
59,36,25,65,Deep
70,36,21,79,Awake
95,35,21,70,Awake
88,37,15,73,REM
76,36,21,47,REM
76,35,26,46,Awake
51,36,28,55,Awake
90,35,21,32,REM
97,36,21,77,REM
62,35,25,37,Awake
58,37,29,75,REM
101,37,19,34,Deep
85,36,21,71,Light
71,36,26,37,Deep
91,37,24,31,REM
75,36,16,65,Deep
107,35,24,44,Light
103,36,17,65,REM
61,37,22,57,Deep
66,36,22,35,Deep
63,36,28,76,Light
63,37,21,52,REM
106,37,19,66,Awake
83,37,18,55,REM
102,35,28,60,Light
106,36,17,45,Light
69,36,21,40,Light
60,37,17,57,Light
65,36,26,52,Awake
100,35,22,49,REM
80,37,20,63,REM
104,36,20,64,Deep
55,35,27,32,Awake
105,36,23,46,Awake
68,35,25,50,Deep
86,36,28,34,Deep
107,35,28,41,REM
53,36,19,32,REM
96,36,29,79,REM
53,36,15,66,Awake
69,36,20,34,Awake
59,37,28,31,Deep
73,35,19,65,Light
103,35,19,51,Light
84,37,19,69,Light
75,35,24,76,Light
86,37,21,59,Light
87,37,25,39,REM
70,36,28,69,Deep
103,37,25,77,Light
89,35,18,59,Light
88,36,28,64,Light
70,36,18,46,REM
59,36,17,49,Light
87,37,16,66,Deep
95,35,23,76,REM
53,36,16,61,REM
109,36,17,69,Awake
106,36,19,38,Awake
94,36,19,40,REM
69,36,24,56,Light
66,37,27,38,Light
104,35,26,61,Light
56,37,18,44,Light
53,36,18,69,Awake
78,37,29,70,Deep
63,36,15,53,REM
52,35,28,39,Light
73,36,17,62,Awake
86,37,29,79,Deep
65,36,20,61,REM
107,37,21,31,REM
104,36,25,30,REM
101,35,23,46,Light
53,36,19,39,REM
105,37,23,70,Light
73,36,25,72,Deep
83,37,15,42,Awake
79,37,15,46,Awake
67,36,21,41,Awake
68,35,16,75,REM
80,36,24,55,Awake
109,36,18,62,Deep
109,37,21,50,Light
68,36,17,61,Awake
98,36,23,49,Light
95,37,16,46,Light
68,36,15,61,Awake
71,36,15,59,Awake
73,36,29,44,Awake
94,36,17,37,REM
61,36,25,48,Awake
79,37,16,50,REM
107,36,16,61,Deep
87,36,22,75,Light
102,36,21,31,Deep
80,36,29,42,Awake
85,36,29,39,Light
68,37,26,55,Awake
97,36,24,51,Awake
94,36,21,66,Light
85,36,20,42,Deep
79,35,29,59,Awake
104,36,24,74,Light
98,36,23,75,Deep
104,36,18,77,REM
82,36,15,68,Deep
67,35,29,75,Deep
101,35,19,41,Light
98,37,21,39,Deep
108,36,16,30,REM
77,36,27,65,REM
108,35,15,76,Awake
96,35,27,39,REM
60,36,17,61,Awake
106,36,28,67,REM
109,36,25,76,Deep
103,35,17,62,Awake
94,36,23,78,REM
82,35,19,47,Deep
66,35,17,47,Deep
55,36,27,57,Awake
53,36,21,49,Light
69,35,20,30,Deep
97,36,17,66,Deep
96,36,20,67,Light
76,37,28,67,Awake
64,36,20,47,REM
55,35,29,56,REM
96,36,29,47,Deep
63,37,17,30,Light
109,36,17,58,Deep
60,36,27,36,Awake
88,35,20,34,Deep
58,36,15,67,REM
75,35,19,30,Light
65,36,23,77,Awake
54,37,26,55,Deep
106,37,17,79,REM
101,36,16,32,Deep
59,36,28,59,REM
99,37,26,47,Light
52,36,23,72,Awake
62,35,26,48,Deep
92,36,21,43,Awake
98,35,26,72,Light
79,36,20,48,REM
103,36,18,30,Light
94,36,25,49,Light
55,36,21,62,Awake
66,35,29,42,Light
108,36,20,51,Deep
94,37,28,32,REM
100,36,28,59,Light
102,36,18,67,Deep
68,37,26,50,REM
91,37,21,51,Awake
84,35,28,34,REM
95,35,21,40,Awake
75,36,26,37,REM
100,37,22,54,Light
54,37,18,56,Awake
78,37,17,77,Awake
86,36,21,33,Awake
69,36,26,59,Light
98,35,24,56,Light
70,35,25,55,REM
59,36,19,73,REM
54,36,22,40,Light
85,36,15,32,Light
55,36,27,63,Awake
75,36,29,47,REM
53,36,21,30,REM
88,35,15,42,Awake
88,36,17,45,Awake
99,37,24,60,Awake
84,36,24,38,Deep
50,37,26,50,Deep
73,36,18,54,Light
106,36,26,52,REM
85,36,25,78,Awake
55,36,19,32,Awake
90,37,23,77,REM
103,36,17,59,Deep
95,37,21,69,REM
109,35,28,51,Light
93,37,21,52,Deep
109,35,27,73,REM
106,37,23,74,REM
80,36,17,41,Light
69,36,23,39,REM
73,36,22,54,Deep
74,37,20,75,Awake
85,35,16,46,Awake
70,36,21,62,Awake
79,37,16,65,Deep
73,36,16,68,REM
93,35,21,58,REM
91,36,19,50,REM
79,36,28,78,REM
71,37,20,60,Awake
77,37,26,66,Deep
56,36,22,47,Light
84,37,25,63,Deep
104,36,18,42,REM
77,35,29,42,REM
63,36,22,65,Deep
105,36,27,56,Deep
59,35,20,64,Awake
65,37,16,43,REM
65,37,25,59,Deep
103,36,15,52,REM
80,36,22,59,Deep
91,36,17,44,REM
74,37,24,65,Deep
62,37,29,70,REM
55,36,21,42,Light
93,37,27,45,Awake
58,36,22,63,Light
94,36,22,64,Awake
85,35,28,65,Awake
105,35,28,64,Deep
92,36,26,49,Light
69,36,19,49,Awake
67,35,23,42,REM
107,36,18,37,Deep
92,35,21,64,Deep
106,36,22,34,REM
70,36,27,76,REM
53,37,28,71,Awake
99,36,21,72,REM
82,35,15,75,Deep
76,36,27,50,REM
56,37,17,72,Light
55,37,24,37,Deep
64,36,15,31,REM
67,36,20,69,Deep
81,37,29,33,Awake
105,35,16,79,Light
60,36,21,63,Awake
69,36,19,67,Light
73,35,28,42,REM
64,36,28,63,Deep
97,36,18,32,REM
56,36,16,71,Awake
70,37,24,38,Deep
91,36,20,64,REM
75,37,25,41,REM
93,35,15,33,Deep
105,36,17,54,Deep
63,35,25,38,Awake
106,37,18,66,Light
86,37,27,41,Light
107,36,15,47,Deep
70,37,18,58,Light
67,36,29,44,Awake
54,37,21,48,Light
52,36,25,70,Deep
72,37,17,38,Awake
75,36,24,34,Deep
86,35,25,46,Awake
73,36,19,51,Awake
98,35,27,57,Deep
68,36,24,48,REM
100,36,20,69,Deep
74,36,23,31,Awake
70,35,23,51,Deep
61,35,17,49,Deep
106,36,21,62,Awake
90,37,20,78,Light
82,36,21,55,Awake
99,36,26,79,Deep
102,36,22,45,Awake
53,36,29,31,Awake
91,36,19,38,Light
106,36,21,49,REM
56,35,26,45,Deep
71,37,23,34,Deep
104,35,23,51,Light
82,36,15,46,Awake
66,35,20,36,REM
73,35,19,44,Deep
83,37,29,74,REM
77,35,19,45,REM
107,35,28,65,Awake
92,36,25,60,Awake
90,35,20,51,Awake
88,35,23,41,Deep
71,37,27,48,REM
98,37,28,59,REM
66,37,17,47,Deep
83,37,20,40,Light
55,36,20,35,Awake
95,35,15,73,Deep
55,37,23,52,Awake
83,37,27,61,REM
50,37,20,54,Deep
59,36,26,73,Light
70,35,24,57,Awake
54,37,20,54,REM
51,36,17,76,REM
71,37,25,65,Light
97,35,27,35,Light
106,35,25,38,Awake
51,35,15,69,REM
59,37,18,71,Light
83,35,16,57,Deep
65,35,23,57,Light
97,37,26,61,Deep
100,35,16,51,REM
88,37,27,64,Awake
71,36,23,35,REM
61,37,25,78,REM
73,36,29,67,REM
96,37,16,61,REM
89,37,28,45,Awake
87,35,16,38,Light
109,35,20,50,Awake
108,36,27,63,Awake
59,36,28,61,Awake
84,37,22,49,Awake
100,36,23,60,Light
98,36,25,70,REM
81,35,27,31,Light
56,37,16,52,Light
70,37,27,67,REM
69,36,22,57,Light
75,36,21,62,Awake
53,35,21,55,Awake
95,36,22,79,REM
101,36,29,32,REM
71,35,23,54,REM
64,36,29,34,Awake
105,36,17,37,REM
89,36,25,49,Light
70,36,27,37,Light
64,35,25,78,Deep
71,37,24,77,Deep
101,36,23,46,REM
77,36,27,61,Deep
63,35,27,56,Awake
76,37,16,70,Awake
90,37,27,61,Light
89,35,21,30,Light
107,36,18,68,Deep
77,35,28,67,Deep
75,36,21,55,Awake
98,35,27,75,Light
51,36,18,75,Deep
74,36,15,56,Awake
105,36,22,60,Light
52,36,16,79,Awake
57,36,26,44,Awake
93,36,19,46,Light
82,35,21,39,Awake
91,35,16,74,Deep
101,37,19,67,Awake
84,35,26,35,Deep
55,36,17,79,REM
88,37,24,66,REM
101,36,28,72,REM
72,36,25,32,Awake
74,36,27,55,REM
108,37,16,64,REM
99,37,18,57,Awake
92,36,28,63,Light
68,35,25,70,Awake
54,36,24,48,Deep
100,36,24,72,Awake
60,36,21,38,Light
105,35,15,43,REM
61,35,26,32,Awake
59,37,25,48,REM
57,36,22,48,Deep
73,36,28,70,Light
109,36,20,62,REM
77,37,19,51,REM
90,36,28,62,REM
85,36,26,32,REM
86,35,22,39,Awake
70,36,16,61,Light
57,37,18,62,Light
104,36,24,68,REM
58,36,20,50,Light
96,36,27,66,REM
64,36,29,64,Deep
97,37,27,78,Deep
95,36,20,40,Deep
89,35,26,57,Light
67,35,20,60,REM
91,36,17,79,Awake
109,37,15,40,Awake
69,36,20,56,Deep
55,37,28,47,Deep
61,37,18,56,Light
51,35,18,41,Awake
56,35,29,32,Light
65,35,15,58,Deep
52,36,26,46,REM
94,35,19,39,REM
52,36,15,46,REM
76,36,28,32,Deep
99,36,17,77,Light
92,35,23,59,REM
89,36,19,70,Awake
87,36,15,51,Awake
82,36,15,75,Deep
77,37,16,54,Awake
50,35,16,58,Awake
104,37,26,54,Deep
57,36,22,66,Light
86,36,20,58,REM
81,36,21,43,Deep
109,36,28,37,Awake
97,35,28,60,REM
92,36,25,54,REM
86,36,28,34,REM
53,36,19,49,Deep
79,36,20,55,REM
55,37,24,71,Light
95,36,24,33,Awake
103,35,22,47,Deep
68,36,21,71,Deep
81,37,29,62,REM
58,37,27,44,Awake
61,36,21,72,REM
60,37,25,54,REM
95,36,19,54,Deep
104,36,16,78,Light
65,37,20,77,Awake
50,37,21,47,Awake
94,36,15,37,Awake
104,37,27,46,Awake
102,35,20,31,Light
70,37,23,31,Deep
79,36,16,49,Light
62,35,17,77,REM
83,35,28,73,Deep
53,36,24,55,Light
77,36,29,58,Awake
87,36,29,30,Awake
107,35,20,40,Deep
80,36,19,31,Light
108,36,27,67,Deep
104,36,29,37,Awake
76,36,24,73,Light
54,36,26,62,Awake
74,37,26,41,Deep
52,37,20,37,Deep
82,36,23,61,Deep
53,36,27,75,Deep
74,35,25,65,Deep
69,35,15,47,REM
83,36,20,59,Deep
75,37,17,45,Deep
54,35,18,79,Awake
84,35,28,67,Deep
77,35,15,60,Light
78,37,18,51,Deep
58,36,19,60,REM
101,36,24,47,Deep
87,36,23,31,Awake
99,36,18,49,Light
55,36,17,76,Light
68,35,18,61,Deep
109,37,22,34,Deep
93,36,19,74,Deep
106,36,29,43,Deep
60,35,21,42,Awake
51,36,15,44,Awake
96,36,25,58,Light
93,36,19,57,Deep
93,35,24,54,Awake
58,37,19,65,Awake
70,35,23,45,Light
73,36,26,69,Light
83,37,28,38,REM
71,36,18,69,Awake
52,36,20,63,Light
61,36,21,64,Awake
77,36,28,54,Awake
79,37,28,63,Deep
75,36,16,33,Deep
97,36,16,72,Deep
70,36,22,32,Deep
77,36,16,37,Awake
105,36,20,58,REM
75,36,17,66,REM
82,37,24,33,REM
70,37,29,76,Awake
84,36,29,78,REM
101,36,20,60,Awake
83,37,23,54,Light
90,35,27,67,REM
100,35,16,46,Awake
96,36,25,54,Light
67,37,21,75,Deep
107,37,18,77,Light
60,36,21,76,Light
106,35,16,43,REM
72,36,25,41,Deep
97,35,18,44,Deep
71,36,19,52,REM
66,37,16,45,Light
54,35,27,48,Awake
93,37,22,61,REM
60,36,23,68,Light
79,36,23,66,Awake
64,35,21,70,REM
76,36,17,31,REM
84,35,26,32,Deep
82,37,16,69,Deep
69,37,16,56,Deep
65,36,25,58,Awake
83,35,18,32,REM
51,37,19,42,Deep
84,36,22,61,Deep
89,35,21,72,REM
105,36,25,75,Awake
77,37,24,55,Deep
96,35,24,57,Light
88,35,25,71,Awake
55,37,19,56,Deep
58,35,19,55,Light
69,35,21,75,Deep
109,36,19,69,Awake
50,37,29,75,REM
57,36,27,40,REM
104,37,17,56,Awake
72,36,15,72,Deep
52,35,15,35,Awake
53,37,18,69,Light
107,36,16,39,Deep
74,36,23,70,Awake
96,36,27,60,REM
87,36,26,39,Awake
64,35,18,53,Deep
70,35,20,64,Awake
84,36,22,61,REM
106,37,27,51,Light
102,36,27,74,Awake
102,37,28,55,Awake
95,36,22,55,Light
101,36,25,33,Awake
63,35,16,76,REM
85,35,23,38,Light
61,36,18,56,REM
66,37,21,70,REM
88,37,24,40,REM
58,37,18,56,Deep
84,35,15,42,Light
109,37,15,67,Deep
62,36,15,58,Deep
64,35,15,72,Awake
67,37,16,74,Light
100,36,18,62,Awake
82,35,18,66,Deep
55,36,29,57,Awake
108,36,19,49,REM
76,36,16,62,Deep
72,36,23,75,REM
108,37,27,50,Light
76,35,25,45,Awake
83,36,19,49,Deep
105,36,23,51,Light
95,36,25,33,REM
87,36,25,54,Awake
63,36,24,54,Awake
85,37,28,59,Deep
102,37,28,48,Awake
57,37,23,60,Awake
84,37,21,73,REM
68,36,24,77,REM
79,37,27,59,REM
63,36,15,32,Light
108,36,29,78,Light
69,36,17,65,Awake
98,36,22,46,Light
74,36,28,37,Deep
89,37,18,37,REM
73,36,22,38,Light
63,35,16,32,Awake
75,36,20,75,REM
87,35,17,57,Light
72,35,20,64,REM
71,35,20,71,Light
97,36,29,69,Awake
106,36,29,74,Light
68,37,16,78,Light
95,36,25,51,Light
100,36,15,77,REM
52,36,15,66,Light
91,36,16,33,Light
68,37,29,64,Light
58,35,29,64,REM
77,35,17,75,Awake
69,37,17,48,Awake
94,36,18,59,Awake
56,35,22,30,Light
63,35,23,46,REM
58,37,18,33,Awake
108,37,26,56,Awake
109,36,19,70,Awake
104,36,28,40,Deep
106,36,24,56,REM
109,37,21,40,Deep
68,37,26,36,Light
96,35,27,55,Awake
101,37,19,33,Light
63,35,20,59,REM
105,35,29,31,Light
87,36,17,35,Light
102,36,15,57,Awake
85,37,21,59,REM
89,35,27,31,Light
66,36,26,58,Deep
79,37,28,71,Awake
58,37,22,66,Deep
82,35,16,36,Awake
105,36,23,59,Light
101,36,26,63,Awake
74,35,16,31,Light
63,37,17,72,Deep
60,37,15,75,Light
102,35,23,72,Awake
84,35,28,71,Awake
90,35,25,67,Awake
108,37,29,61,Deep
63,35,15,63,REM
79,36,28,70,Deep
90,36,27,63,Light
53,36,19,46,Light
108,35,29,48,Deep
53,35,19,74,Deep
77,37,28,30,Light
57,37,28,64,Light
51,37,26,77,Light
90,35,23,65,REM
95,36,16,79,REM
71,36,22,64,Deep
90,36,20,31,Deep
105,37,26,71,REM
104,36,26,44,Awake
65,35,28,52,REM
78,37,15,45,Deep
98,37,27,43,REM
97,35,29,51,Awake
79,36,26,48,Deep
61,36,16,61,Light
84,36,16,70,Deep
60,35,15,44,REM
95,36,24,40,REM
99,37,24,63,Awake
70,36,29,63,REM
70,35,20,75,Awake
54,36,19,30,Deep
97,36,24,72,REM
69,37,27,56,Deep
86,36,29,61,Light
52,35,27,34,Light
93,35,21,51,Awake
82,37,24,41,REM
102,36,27,42,Deep
58,37,22,55,Deep
58,35,18,70,REM
53,36,17,67,Deep
84,36,15,59,REM
66,37,25,56,REM
83,37,16,51,Light
73,35,18,78,REM
81,36,19,58,Deep
50,35,23,42,REM
57,36,20,41,Light
94,36,25,60,Light
72,37,15,56,Awake
96,37,16,30,Deep
89,36,22,71,REM
61,36,20,65,Deep
103,37,19,63,Deep
61,37,16,33,REM
95,35,28,48,Light
96,36,25,76,Deep
64,36,16,73,Awake
90,35,15,44,Deep
68,35,29,37,Light
75,35,25,52,Awake
101,36,21,47,Awake
78,36,25,64,Awake
71,35,26,78,Awake
89,35,26,48,REM
70,37,22,33,REM
100,37,21,74,REM
87,36,15,31,Awake
69,36,28,77,Light
106,37,24,63,Deep
78,35,18,77,Awake
100,35,28,39,Light
53,36,28,32,Deep
104,35,29,54,Awake
56,36,28,52,Deep
77,37,29,46,REM
77,36,18,77,REM
53,36,27,71,REM
71,37,27,63,Light
61,35,18,38,REM
94,35,16,66,Light
52,36,29,66,REM
71,36,19,51,REM
93,35,28,76,REM
51,36,15,38,Light
73,36,15,43,Deep
83,36,21,33,Light
76,36,18,69,Awake
104,36,25,61,Awake
90,35,23,45,Light
50,36,16,38,Light
57,35,17,32,Deep
72,37,20,38,Light
87,36,17,52,REM
55,36,26,42,Deep
71,37,21,42,Light
74,36,16,73,Light
67,36,22,55,Awake
66,37,16,66,Deep
61,37,16,31,Awake
55,36,18,48,Light
75,35,27,53,Deep
76,36,28,39,REM
57,37,27,36,Light
68,35,20,73,Light
109,35,19,76,Awake
91,37,23,33,REM
50,35,25,47,Light
106,37,29,77,Awake
78,36,16,34,Awake
94,36,15,62,Light
98,35,25,78,Deep
84,37,27,78,Light
89,36,27,53,REM
63,36,25,38,Light
84,36,29,40,Deep
97,36,22,74,Awake
94,37,28,75,REM
69,36,29,60,REM
105,36,27,68,REM
98,37,19,66,REM
62,36,17,63,Deep
87,36,23,71,Deep
98,35,21,64,Deep
95,37,28,56,Deep
98,36,16,41,Awake
57,36,18,67,Light
92,36,26,53,Deep
69,35,16,44,Light
109,36,19,70,REM
82,35,20,64,Awake
75,36,24,76,Awake
88,36,17,38,Light
70,36,27,62,Light
102,36,21,42,Light
98,37,28,75,Awake
91,37,22,34,Deep
92,35,19,62,Awake
103,35,17,69,Deep
90,36,15,47,REM
58,37,22,77,Deep
73,37,16,72,Light
86,37,20,44,Deep
98,36,23,30,Deep
90,36,19,44,Awake
66,36,17,44,Light
73,35,26,74,REM
70,35,29,78,Deep
100,37,16,33,REM
108,35,17,53,Light
88,35,29,57,Deep
104,35,15,34,Awake
90,37,29,48,REM
88,36,15,45,Awake
62,36,28,56,REM
60,37,19,63,Light
95,36,29,65,Deep
68,36,19,36,REM
60,35,24,70,Awake
62,35,16,63,REM
95,37,18,74,REM
94,37,26,52,REM
50,36,22,74,REM
89,36,28,73,REM
93,36,21,51,REM
68,35,28,49,Awake
61,35,21,76,REM
57,35,29,65,REM
57,36,29,76,REM
102,37,19,69,Deep
94,36,28,60,Light
61,35,27,35,Light
97,36,18,44,Light
82,37,24,78,Awake
94,35,16,45,Awake
75,35,27,34,Awake
88,36,17,65,REM
77,36,16,66,Light
107,36,21,44,REM
54,37,23,44,Deep
57,37,27,53,Light
74,37,29,31,Deep
76,36,21,69,Deep
95,36,15,45,REM
72,35,26,72,Light
79,37,23,70,Deep
94,36,21,63,Light
96,35,19,46,Deep
72,36,22,55,Deep
98,36,20,52,REM
96,36,26,46,Light
69,36,23,72,REM
67,36,28,54,REM
67,37,23,71,REM
51,36,18,35,REM
53,36,27,37,REM
79,36,23,78,Deep
82,36,18,59,Light
85,37,24,55,Light
67,36,20,56,REM
86,36,27,40,Light
68,35,21,65,Deep
96,37,25,34,REM
77,36,16,58,Awake
89,36,20,58,Awake
69,35,29,75,Deep
98,35,27,56,Deep
82,36,17,36,Awake
61,37,19,58,REM
107,36,19,34,Deep
100,37,24,40,Awake
64,36,26,31,REM
90,36,26,55,Deep
88,35,22,34,Light
51,37,27,53,Light
78,35,21,76,Light
90,37,16,65,REM
59,37,23,33,Deep
51,37,29,41,Awake
100,36,26,63,Deep
60,36,23,74,Light
62,37,24,31,Light
59,35,28,70,REM
63,36,21,58,Awake
67,35,19,57,REM
100,36,29,77,Awake
103,35,27,67,Deep
58,35,19,72,REM
106,36,21,47,REM
88,36,21,57,REM
77,36,17,60,Light
52,35,29,46,Light
69,36,21,58,Awake
55,35,28,41,Deep
76,36,17,37,REM
102,36,23,48,Light
51,36,15,66,REM
78,36,26,75,Awake
87,36,23,52,Awake
52,37,24,62,Deep
65,36,15,35,Awake
79,36,18,75,REM
89,36,16,58,Deep
51,35,19,69,Deep
66,36,24,69,Light
90,36,23,42,REM
61,36,24,56,Awake
84,35,23,78,Light
92,35,19,34,REM
50,37,18,64,REM
104,36,17,78,Deep
94,35,27,45,Deep
64,36,24,73,REM
75,36,17,76,Light
86,37,17,67,Deep
70,35,28,41,Deep
98,35,26,46,REM
80,37,24,31,REM
74,35,21,71,Deep
72,35,18,72,Light
73,37,29,61,Deep
106,36,26,47,REM
87,36,19,33,Deep
77,35,27,67,REM
70,35,26,66,Deep
103,35,19,75,REM
92,37,21,66,REM
67,36,17,71,Light
85,36,16,67,REM
84,37,25,61,Deep
94,36,19,51,REM
104,35,27,75,Awake
58,36,29,62,Deep
102,37,16,49,Light
87,37,22,34,Deep
107,35,27,44,Light
79,36,26,57,Awake
109,36,26,43,Light
93,37,20,41,REM
83,35,21,56,Awake
81,36,23,38,Awake
52,37,29,70,Light
52,36,19,54,Deep
77,36,28,58,Light
93,35,19,37,Light
64,36,29,46,Awake
90,36,25,50,REM
72,37,21,70,Deep
89,36,24,68,Light
60,36,19,41,REM
97,36,19,60,REM
81,35,16,42,Deep
107,36,16,79,REM
108,36,20,77,Light
106,37,26,58,Awake
103,36,24,64,REM
85,36,16,70,Awake
109,35,27,66,Deep
82,37,24,64,Deep
73,35,29,77,REM
88,37,25,59,Awake
83,36,17,61,Light
105,37,22,72,Awake
77,36,24,63,REM
86,37,15,66,Awake
56,35,15,41,Awake
53,36,16,48,Deep
86,36,18,37,REM
105,37,21,55,Awake
50,35,22,52,REM
50,37,17,79,Light
96,37,25,60,REM
69,36,23,69,Light
68,37,19,46,REM
78,36,15,71,REM
59,36,16,60,Awake
109,36,20,64,Awake
67,36,17,44,Light
77,36,20,57,Light
84,36,24,61,Deep
92,36,23,59,Awake
96,36,18,75,Light
80,36,20,74,Awake
76,35,24,78,REM
60,37,27,63,Deep
98,36,26,78,Awake
98,36,23,71,Awake
87,35,20,43,Awake
54,36,20,51,Awake
57,37,28,41,Light
83,36,15,30,Light
97,36,29,39,Deep
101,35,24,30,REM
105,36,25,65,REM
61,37,15,51,Deep
87,37,24,45,REM
50,35,22,68,Light
80,36,16,71,Awake
53,35,19,78,REM
98,36,28,62,Awake
94,37,23,53,Awake
99,37,21,45,Light
54,35,16,41,Awake
79,37,25,40,REM
105,36,25,50,Light
73,36,24,79,Deep
108,36,22,30,Light
52,36,21,39,REM
60,36,23,39,Light
94,36,18,65,REM
53,36,29,47,REM
75,35,23,52,Light
76,37,19,37,REM
95,36,21,50,Deep
103,35,27,35,REM
92,37,17,56,Deep
76,37,19,34,Deep
91,37,25,69,REM
100,36,19,58,Awake
99,35,26,66,Deep
55,36,16,50,Deep
108,35,26,49,Light
64,37,16,34,Deep
102,35,15,56,Deep
79,36,28,55,Deep
91,36,23,53,Deep
86,36,20,67,Awake
107,37,18,71,Deep
86,36,24,67,REM
91,35,22,37,Awake
109,36,29,61,Deep
86,36,29,34,REM
84,35,24,64,REM
72,36,21,49,Awake
55,36,22,36,Awake
53,36,25,73,REM
67,37,16,60,Awake
109,37,19,47,Awake
58,37,16,31,Light
98,35,16,56,Awake
78,35,17,76,Light
62,36,22,59,Awake
108,37,26,78,Awake
96,37,22,36,REM
101,37,20,58,Light
66,35,16,69,Awake
94,37,23,56,Deep
81,36,19,34,Awake
97,35,24,59,REM
71,36,29,60,REM
53,35,16,66,REM
54,36,18,68,Light
86,36,22,68,Light
90,36,29,63,Light
98,36,26,40,Deep
62,37,28,50,Light
83,36,20,68,REM
94,36,29,77,Light
71,37,16,33,Light
102,37,15,56,Awake
108,35,27,45,Light
72,36,28,41,Awake
100,36,16,55,Light
52,35,16,60,Awake
91,36,15,30,REM
83,37,16,69,Light
81,35,18,70,REM
94,37,29,78,Light
100,37,25,39,Deep
107,37,26,59,Deep
98,36,26,51,REM
70,37,23,46,REM
95,36,26,58,Deep
93,36,23,69,Deep
70,35,19,31,Awake
93,35,23,78,Light
60,36,23,70,Deep
88,36,27,67,REM
53,36,29,68,REM
100,35,21,49,Deep
50,36,26,67,REM
77,35,16,49,Light
73,37,26,74,Awake
84,35,20,38,Light
62,35,15,44,Awake
96,36,20,57,Awake
83,36,24,45,Deep
60,36,16,51,REM
85,36,28,54,Awake
100,37,16,72,Deep
66,36,28,56,REM
84,35,25,48,REM
109,36,19,42,Awake
67,37,20,50,REM
89,36,26,55,Light
71,35,24,67,REM
106,37,25,36,Light
73,36,20,41,REM
107,36,22,48,Awake
68,35,29,48,Awake
86,35,18,49,Deep
88,36,21,69,Light
70,35,19,46,Light
57,36,26,55,Awake
77,36,26,61,Awake
54,36,19,41,Awake
66,37,16,65,Light
86,37,15,57,Deep
85,36,21,52,Light
103,35,21,70,Awake
68,35,29,42,Deep
76,36,22,74,REM
102,35,18,58,REM
83,37,28,60,Awake
60,35,22,73,Deep
103,36,23,70,Awake
94,36,16,60,Light
96,36,20,67,Light
61,35,29,51,Deep
103,36,23,57,Awake
70,36,20,33,Awake
103,37,24,34,REM
60,35,28,71,Deep
88,37,19,32,Awake
77,37,22,38,Light
54,36,29,69,Awake
66,37,17,30,Awake
105,35,25,44,Light
69,37,24,59,Light
90,36,25,59,Awake
95,36,20,68,Light
107,36,19,55,REM
61,35,25,55,REM
55,37,18,66,REM
66,35,21,54,Light
100,36,17,60,Light
68,36,15,74,Light
75,37,29,50,Deep
97,35,21,49,Light
93,36,29,30,REM
93,36,17,60,REM
101,36,23,31,REM
81,35,18,55,Deep
55,35,26,70,Awake
104,35,26,57,REM
107,36,16,43,Deep
85,35,28,69,Awake
87,36,17,43,Deep
60,35,24,66,Deep
82,37,29,60,Awake
73,37,28,38,Light
72,36,29,75,Light
64,36,20,40,REM
76,35,16,79,Awake
60,35,17,30,REM
106,36,22,43,Deep
100,36,26,39,Light
99,36,17,30,REM
66,37,24,66,REM
100,36,19,64,Light
102,36,20,69,Deep
63,36,24,42,REM
76,36,22,52,REM
67,36,27,62,Awake
77,36,17,51,Awake
100,36,26,64,Light
96,36,15,61,Light
96,37,17,35,Deep
53,36,24,69,Deep
56,35,27,66,REM
94,36,18,62,Awake
84,36,19,37,Deep
97,35,23,43,REM
58,37,18,49,REM
57,37,27,43,Light
101,37,26,41,Awake
94,35,17,70,REM
66,37,21,61,Light
66,36,26,58,REM
98,36,20,41,Awake
82,36,24,75,REM
81,37,15,39,REM
57,36,24,69,Deep
68,36,17,78,Deep
87,36,27,66,Light
52,36,20,79,REM
108,35,19,62,Light
54,37,27,40,Awake
62,36,15,40,Light
96,36,20,46,REM
95,35,20,30,Deep
80,36,19,64,Deep
104,35,28,43,Light
65,35,26,70,Deep
99,36,15,47,REM
81,36,25,53,REM
71,36,22,78,Awake
78,35,28,42,Deep
71,36,19,66,Deep
92,35,23,67,Awake
52,37,22,41,Light
103,36,22,55,Awake
59,36,21,47,Deep
91,36,18,68,Light
70,35,26,61,REM
65,37,21,53,REM
61,36,29,68,Awake
51,36,18,41,REM
90,36,25,67,Deep
73,35,29,73,Awake
84,37,24,73,Deep
105,36,28,69,Deep
79,36,27,50,Light
106,35,20,79,Light
79,35,24,48,Light
96,37,17,61,REM
84,36,23,38,Light
68,35,18,79,Deep
99,35,26,65,Awake
57,36,22,67,Awake
75,36,21,33,Deep
98,36,19,68,REM
89,36,29,68,Awake
56,35,16,63,Deep
79,36,15,44,Deep
56,37,18,54,Deep
52,35,29,35,Awake
50,36,29,53,Awake
85,36,24,42,Light
74,36,28,47,Light
86,36,18,38,Deep
50,37,29,41,Deep
64,36,17,33,Deep
86,36,16,75,Deep
62,36,16,56,Awake
89,35,23,49,Light
57,35,26,56,REM
54,36,20,61,Deep
109,35,29,76,Light
58,36,21,38,Deep
50,36,17,44,Awake
85,36,21,78,REM
84,36,25,48,Light
51,36,27,31,Light
89,35,21,37,REM
72,36,23,31,Awake
58,36,19,79,REM
83,36,24,43,Light
95,36,29,76,REM
63,36,15,79,Awake
53,35,28,59,Awake
79,35,23,31,Deep
80,35,18,34,REM
87,37,29,54,REM
60,35,22,50,Light
84,35,19,60,Awake
57,36,17,51,REM
52,35,18,76,Light
63,36,27,56,Deep
109,35,24,64,REM
62,35,28,74,REM
94,36,18,37,Light
81,36,16,41,Light
83,36,15,35,Awake
94,36,22,36,Awake
68,36,29,55,Awake
108,36,25,46,REM
87,35,19,51,Light
65,36,28,79,Awake
51,36,26,37,REM
89,36,15,57,Awake
66,36,27,34,Deep
104,37,19,45,REM
83,37,17,56,Awake
91,36,18,77,Awake
109,36,22,49,Deep
65,35,21,33,Deep
87,36,19,49,Awake
109,36,17,37,Awake
51,36,26,41,Light
51,37,29,60,Awake
75,36,26,33,Awake
62,36,19,53,Light
105,36,18,60,Light
96,37,18,51,Awake
80,36,17,30,Light
109,36,23,79,REM
83,36,24,48,Deep
88,37,25,68,REM
52,35,25,46,Deep
57,37,19,53,Deep
72,36,19,49,Awake
63,36,25,47,Deep
105,36,20,31,REM
104,36,18,48,Awake
76,35,20,74,Light
103,37,19,64,REM
78,36,16,37,Awake
88,36,27,59,Deep
102,35,27,74,REM
88,36,18,65,Deep
50,36,15,37,Awake
66,36,26,73,Awake
90,36,18,45,Light
79,36,20,52,Light
102,37,15,56,REM
62,36,18,72,Light
70,37,26,76,Deep
68,35,27,76,Deep
102,36,18,30,Light
68,36,20,76,Light
106,36,17,32,Light
74,37,16,43,REM
71,35,29,55,REM
80,35,24,53,Deep
66,37,23,60,REM
104,35,26,53,REM
72,36,27,76,Awake
81,36,27,42,Deep
59,37,15,43,Deep
59,35,17,76,Light
85,35,24,33,Awake
57,36,20,60,Light
103,37,29,64,REM
101,36,24,55,Deep
69,36,29,64,REM
81,36,18,38,REM
99,37,27,72,Awake
63,37,19,37,Awake
99,37,29,50,Deep
77,35,17,33,Deep
95,35,22,57,Awake
101,36,26,63,Awake
102,37,21,77,Awake
73,36,22,66,Awake
64,35,29,57,Deep
71,37,21,76,Deep
79,35,24,53,REM
53,36,15,58,REM
62,36,27,59,REM
108,36,24,50,Deep
72,36,21,71,Light
57,36,15,39,REM
67,36,23,57,Light
61,36,15,66,Light
104,36,15,75,Light
80,36,24,74,Awake
63,36,17,55,Deep
83,35,17,62,Deep
67,35,24,49,REM
105,35,15,53,REM
83,36,19,75,Deep
60,37,17,76,Awake
90,36,23,74,Deep
61,37,24,36,Light
98,36,25,72,Deep
64,36,18,77,Awake
106,36,16,48,Deep
80,35,16,55,Deep
98,35,21,68,Deep
107,36,29,58,Light
78,37,18,79,REM
75,35,18,52,Awake
67,35,16,65,Light
81,37,24,69,Deep
71,36,25,54,Deep
87,37,24,72,REM
66,36,27,57,REM
72,37,22,50,REM
73,36,17,35,Light
99,36,19,49,Awake
57,36,24,66,REM
90,36,24,76,Deep
55,36,22,42,Awake
54,35,25,47,Deep
93,36,24,37,Deep
106,36,28,64,Awake
78,37,23,78,Light
77,36,26,62,Awake
60,36,18,60,REM
106,35,25,57,Awake
50,36,28,34,REM
92,36,20,66,REM
68,37,26,60,Awake
58,37,25,63,Awake
76,35,15,74,REM
83,37,23,69,Deep
93,35,16,69,Awake
53,36,29,76,Light
85,36,27,79,REM
67,35,16,59,Deep
64,36,16,35,Awake
100,35,23,52,Awake
62,35,20,69,Deep
68,36,15,31,Light
98,36,23,32,REM
55,37,20,33,Awake
97,36,16,66,Light
105,36,27,55,REM
61,36,28,48,Light
100,35,26,35,REM
86,35,27,66,REM
66,36,18,46,Light
107,36,18,43,REM
72,36,18,62,Awake
75,36,26,57,Awake
78,36,29,48,Light
82,35,25,62,Light
109,35,28,43,REM
76,37,24,69,REM
74,36,20,41,Light
105,37,21,37,Deep
104,35,16,69,Light
59,37,15,65,Deep
96,35,25,39,Deep
72,35,21,35,Light
70,37,23,71,Light
70,36,23,68,Light
92,36,19,46,Deep
62,35,22,62,Awake
86,36,22,36,Awake
82,37,20,55,Light
73,36,27,30,Light
93,36,21,49,REM
60,35,24,33,REM
66,36,28,53,REM
53,36,27,51,Light
96,35,28,52,Awake
74,36,19,32,Awake
79,35,15,48,Light
58,37,18,67,Light
70,36,19,48,Deep
69,35,28,65,Deep
68,36,24,48,Awake
68,36,16,51,REM
61,36,17,58,Awake
86,37,17,77,Deep
91,36,24,35,Awake
66,37,26,31,Deep
86,36,27,60,Deep
103,35,29,77,REM
97,36,18,79,REM
88,36,19,54,Deep
77,36,18,53,Light
90,37,20,62,REM
84,36,28,57,Deep
96,37,23,61,Light
97,37,26,73,Light
67,36,22,67,Awake
63,36,15,54,Awake
84,36,15,53,REM
93,37,23,61,Light
90,36,25,52,REM
109,35,18,52,Deep
56,36,25,30,REM
90,36,27,38,Light
62,35,21,54,Awake
67,35,26,71,REM
86,36,21,43,Awake
62,36,25,56,REM
85,36,26,47,Deep
80,36,29,35,Light
51,35,20,77,REM
65,36,21,72,Deep
58,36,17,33,Deep
58,35,18,65,Deep
87,36,25,47,Awake
60,36,28,79,Awake
103,35,20,45,Deep
105,35,17,41,Deep
71,35,19,58,REM
82,37,21,71,REM
85,37,19,39,Light
94,37,18,65,REM
72,36,26,33,Light
94,36,15,75,Light
94,36,23,34,Light
83,36,26,75,Awake
58,35,18,54,REM
73,36,24,52,Deep
57,37,25,78,Light
56,36,24,79,Deep
85,36,21,62,Light
67,36,20,36,REM
52,36,27,55,Light
77,36,26,56,REM
55,37,19,55,Deep
93,36,16,58,REM
93,37,16,30,Deep
